ablation,domain,model,pooling,loss,split,tag,fmax,fmax_star,wfmax,smin,auprc,iauprc
A,bp,mlp,max,bce,test,bp_mlp_max_bce_seed1337,0.3824,0.334,0.3173,23.6703,0.3645,0.3592
A,bp,mlp,max,bce,val,bp_mlp_max_bce_seed1337,0.3786,0.3287,0.3119,23.21,0.3588,0.3536
A,cc,mlp,max,bce,test,cc_mlp_max_bce_seed1337,0.6142,0.5577,0.4242,11.8599,0.6367,0.6355
A,cc,mlp,max,bce,val,cc_mlp_max_bce_seed1337,0.614,0.5563,0.4201,11.7124,0.6356,0.6347
A,mf,mlp,max,bce,test,mf_mlp_max_bce_seed1337,0.5428,0.4153,0.3718,8.9039,0.5151,0.5146
A,mf,mlp,max,bce,val,mf_mlp_max_bce_seed1337,0.5445,0.4177,0.3785,8.9801,0.5138,0.5134
A+B,bp,mlp,max,protein,test,bp_mlp_max_protein_seed1337,0.4249,0.3811,0.352,23.9044,0.4233,0.4521
A+B,bp,mlp,max,protein,val,bp_mlp_max_protein_seed1337,0.4213,0.3759,0.3467,23.3244,0.4175,0.4476
A+B,cc,mlp,max,protein,test,cc_mlp_max_protein_seed1337,0.6754,0.6326,0.4667,11.4602,0.6689,0.7285
A+B,cc,mlp,max,protein,val,cc_mlp_max_protein_seed1337,0.6748,0.631,0.4608,11.4043,0.6674,0.7271
A+B,mf,mlp,max,protein,test,mf_mlp_max_protein_seed1337,0.6141,0.5309,0.4541,8.6531,0.529,0.6356
A+B,mf,mlp,max,protein,val,mf_mlp_max_protein_seed1337,0.6212,0.5401,0.4672,8.6201,0.5336,0.6426
B,bp,cnn1d,avg,protein,test,bp_cnn1d_avg_protein_seed1337,0.4104,0.3729,0.3404,24.3105,0.4279,0.4417
B,bp,cnn1d,avg,protein,val,bp_cnn1d_avg_protein_seed1337,0.4066,0.3684,0.3333,23.785,0.4231,0.4378
B,bp,cnn1d,max,protein,test,bp_cnn1d_max_protein_seed1337,0.409,0.3658,0.3351,24.1884,0.3635,0.4327
B,bp,cnn1d,max,protein,val,bp_cnn1d_max_protein_seed1337,0.4058,0.3588,0.3289,23.7835,0.3564,0.4276
B,bp,cnn1d,raw,protein,test,bp_cnn1d_raw_protein_seed1337,0.3985,0.3488,0.3201,25.0647,0.3377,0.4098
B,bp,cnn1d,raw,protein,val,bp_cnn1d_raw_protein_seed1337,0.3943,0.3434,0.3147,24.6366,0.3311,0.4045
B,bp,mlp,avg,protein,test,bp_mlp_avg_protein_seed1337,0.4011,0.3507,0.3233,25.3614,0.3825,0.4152
B,bp,mlp,avg,protein,val,bp_mlp_avg_protein_seed1337,0.398,0.3459,0.3188,24.8692,0.377,0.4116
B,bp,mlp,raw,protein,test,bp_mlp_raw_protein_seed1337,0.4625,0.3986,0.373,23.6756,0.4557,0.4737
B,bp,mlp,raw,protein,val,bp_mlp_raw_protein_seed1337,0.4581,0.3897,0.3637,23.1436,0.4481,0.4675
B,cc,cnn1d,avg,protein,test,cc_cnn1d_avg_protein_seed1337,0.6634,0.6214,0.4454,11.7187,0.6976,0.7213
B,cc,cnn1d,avg,protein,val,cc_cnn1d_avg_protein_seed1337,0.6647,0.6223,0.4393,11.6454,0.6992,0.7218
B,cc,cnn1d,max,protein,test,cc_cnn1d_max_protein_seed1337,0.6651,0.6232,0.449,11.745,0.6097,0.7159
B,cc,cnn1d,max,protein,val,cc_cnn1d_max_protein_seed1337,0.6678,0.6256,0.4433,11.6192,0.6098,0.7166
B,cc,cnn1d,raw,protein,test,cc_cnn1d_raw_protein_seed1337,0.6569,0.6148,0.4324,12.107,0.6049,0.706
B,cc,cnn1d,raw,protein,val,cc_cnn1d_raw_protein_seed1337,0.658,0.6154,0.4281,12.0305,0.6044,0.7059
B,cc,mlp,avg,protein,test,cc_mlp_avg_protein_seed1337,0.6578,0.6159,0.4404,12.1195,0.598,0.7024
B,cc,mlp,avg,protein,val,cc_mlp_avg_protein_seed1337,0.6582,0.6154,0.4355,11.9624,0.597,0.7029
B,cc,mlp,raw,protein,test,cc_mlp_raw_protein_seed1337,0.6738,0.6346,0.4839,12.034,0.6383,0.722
B,cc,mlp,raw,protein,val,cc_mlp_raw_protein_seed1337,0.6741,0.6345,0.4825,11.9601,0.6351,0.7208
B,mf,cnn1d,avg,protein,test,mf_cnn1d_avg_protein_seed1337,0.6042,0.5128,0.4457,9.0507,0.4296,0.5892
B,mf,cnn1d,avg,protein,val,mf_cnn1d_avg_protein_seed1337,0.6049,0.5135,0.4509,9.1515,0.429,0.5913
B,mf,cnn1d,max,protein,test,mf_cnn1d_max_protein_seed1337,0.6161,0.5321,0.4524,8.7225,0.4564,0.6241
B,mf,cnn1d,max,protein,val,mf_cnn1d_max_protein_seed1337,0.6196,0.5364,0.4627,8.7427,0.4574,0.6264
B,mf,cnn1d,raw,protein,test,mf_cnn1d_raw_protein_seed1337,0.6075,0.5222,0.4415,9.0339,0.4409,0.6046
B,mf,cnn1d,raw,protein,val,mf_cnn1d_raw_protein_seed1337,0.6122,0.5282,0.4511,9.0576,0.4426,0.6086
B,mf,mlp,avg,protein,test,mf_mlp_avg_protein_seed1337,0.6025,0.5153,0.4365,8.9614,0.4343,0.6041
B,mf,mlp,avg,protein,val,mf_mlp_avg_protein_seed1337,0.6053,0.5198,0.4452,8.9948,0.4369,0.6087
B,mf,mlp,raw,protein,test,mf_mlp_raw_protein_seed1337,0.6104,0.5338,0.4862,9.1972,0.4934,0.6242
B,mf,mlp,raw,protein,val,mf_mlp_raw_protein_seed1337,0.6135,0.5369,0.4892,9.2123,0.4955,0.6273
C,bp,convnext_tiny,avg,protein,test,bp_convnext_tiny_avg_protein_seed1337,0.3844,0.3312,0.3076,25.9292,0.399,0.3959
C,bp,convnext_tiny,avg,protein,val,bp_convnext_tiny_avg_protein_seed1337,0.381,0.3263,0.304,25.4076,0.3948,0.3921
C,bp,convnext_tiny,max,protein,test,bp_convnext_tiny_max_protein_seed1337,0.3793,0.3286,0.3033,25.803,0.389,0.3899
C,bp,convnext_tiny,max,protein,val,bp_convnext_tiny_max_protein_seed1337,0.3765,0.3222,0.2966,25.3007,0.3836,0.3852
C,bp,resnet50,avg,protein,test,bp_resnet50_avg_protein_seed1337,0.3729,0.3215,0.2968,26.4223,0.3764,0.3844
C,bp,resnet50,avg,protein,val,bp_resnet50_avg_protein_seed1337,0.3677,0.3141,0.2894,25.8703,0.3674,0.376
C,bp,resnet50,max,protein,test,bp_resnet50_max_protein_seed1337,0.376,0.3285,0.2974,25.6518,0.3819,0.3897
C,bp,resnet50,max,protein,val,bp_resnet50_max_protein_seed1337,0.37,0.3209,0.2905,25.1042,0.3754,0.3826
C,cc,convnext_tiny,avg,protein,test,cc_convnext_tiny_avg_protein_seed1337,0.6408,0.5957,0.4051,12.4899,0.6817,0.6737
C,cc,convnext_tiny,avg,protein,val,cc_convnext_tiny_avg_protein_seed1337,0.6432,0.5978,0.4038,12.33,0.6854,0.6785
C,cc,convnext_tiny,max,protein,test,cc_convnext_tiny_max_protein_seed1337,0.6399,0.5955,0.4095,12.5107,0.6805,0.676
C,cc,convnext_tiny,max,protein,val,cc_convnext_tiny_max_protein_seed1337,0.6413,0.597,0.4084,12.3445,0.6821,0.6772
C,cc,resnet50,avg,protein,test,cc_resnet50_avg_protein_seed1337,0.6329,0.5847,0.4015,12.669,0.6545,0.6692
C,cc,resnet50,avg,protein,val,cc_resnet50_avg_protein_seed1337,0.6337,0.5853,0.3978,12.5189,0.6569,0.6718
C,cc,resnet50,max,protein,test,cc_resnet50_max_protein_seed1337,0.638,0.5913,0.4045,12.5541,0.6621,0.6755
C,cc,resnet50,max,protein,val,cc_resnet50_max_protein_seed1337,0.6403,0.5935,0.4006,12.4516,0.6623,0.6771
C,mf,convnext_tiny,avg,protein,test,mf_convnext_tiny_avg_protein_seed1337,0.5828,0.4939,0.4149,9.1932,0.543,0.5795
C,mf,convnext_tiny,avg,protein,val,mf_convnext_tiny_avg_protein_seed1337,0.5852,0.4969,0.4208,9.27,0.5451,0.5829
C,mf,convnext_tiny,max,protein,test,mf_convnext_tiny_max_protein_seed1337,0.5808,0.4917,0.4097,9.1452,0.5362,0.5734
C,mf,convnext_tiny,max,protein,val,mf_convnext_tiny_max_protein_seed1337,0.5851,0.4958,0.4172,9.1713,0.5379,0.5791
C,mf,resnet50,avg,protein,test,mf_resnet50_avg_protein_seed1337,0.5875,0.4997,0.4186,9.5327,0.5774,0.58
C,mf,resnet50,avg,protein,val,mf_resnet50_avg_protein_seed1337,0.5888,0.5015,0.4242,9.6089,0.5766,0.5806
C,mf,resnet50,max,protein,test,mf_resnet50_max_protein_seed1337,0.5813,0.4901,0.4092,9.3019,0.53,0.5793
C,mf,resnet50,max,protein,val,mf_resnet50_max_protein_seed1337,0.5858,0.4956,0.4187,9.2915,0.5322,0.5861
