tag,split,fmax,fmax_star,wfmax,smin,auprc,iauprc,domain,method,gnn_type,classifier_type,arch,hybrid_fusion,dedup,hops,alpha_init,thr,mlp_hidden_dims,mlp_dropout,batch_size,lr,max_epochs,patience,seed,gnn_emb_path,graph_n_directed_edges,graph_w_min,graph_w_max,graph_w_mean,graph_n_isolated,best_epoch,epochs_run,best_val_loss,wall_seconds,peak_vram_mb,device,timestamp,sec_per_epoch
bp_fixed_mlp_h0_a05_thr010_dedupmax,test,0.5961163405334566,0.5630802888517541,0.5374344917810018,18.919954535449726,0.58531073274921,0.6292408822356452,bp,fixed,,mlp,,,max,0,0.5,0.1,"[1024, 512]",0.4,256,0.0001,250,20,1337,,985840,0.4000000059604645,0.9990000128746033,0.749056991738823,33797,194,215,3.3037290637557573,1160.5,1210.2,cuda,2026-07-29T22:38:25,5.4
bp_fixed_mlp_h0_a05_thr010_dedupmax,val,0.5945592943594418,0.5596833871836887,0.5335696022061526,18.51009220711338,0.5835736375718902,0.627601909425718,bp,fixed,,mlp,,,max,0,0.5,0.1,"[1024, 512]",0.4,256,0.0001,250,20,1337,,985840,0.4000000059604645,0.9990000128746033,0.749056991738823,33797,194,215,3.3037290637557573,1160.5,1210.2,cuda,2026-07-29T22:38:25,5.4
bp_fixed_mlp_h1_a01_thr010_dedupmax,test,0.5632393371547538,0.5283583445259212,0.5023162110973354,19.920875566249144,0.5555393435091944,0.6104022791177792,bp,fixed,,mlp,,,max,1,0.1,0.1,"[1024, 512]",0.4,256,0.0001,250,20,1337,,985840,0.4000000059604645,0.9990000128746033,0.749056991738823,33797,234,250,3.6018226468885266,1320.7,5459.3,cuda,2026-07-30T08:58:33,5.28
bp_fixed_mlp_h1_a01_thr010_dedupmax,val,0.5607535270397065,0.5239848982020809,0.49724287823582924,19.36319246059271,0.5503503044304413,0.6053485911452907,bp,fixed,,mlp,,,max,1,0.1,0.1,"[1024, 512]",0.4,256,0.0001,250,20,1337,,985840,0.4000000059604645,0.9990000128746033,0.749056991738823,33797,234,250,3.6018226468885266,1320.7,5459.3,cuda,2026-07-30T08:58:33,5.28
bp_fixed_mlp_h1_a03_thr010_dedupmax,test,0.596535256457345,0.5641579498624693,0.5389154451626859,18.722168444955017,0.593481927603465,0.6418331734325846,bp,fixed,,mlp,,,max,1,0.3,0.1,"[1024, 512]",0.4,256,0.0001,250,20,1337,,985840,0.4000000059604645,0.9990000128746033,0.749056991738823,33797,184,205,3.163343165371869,1083.6,5459.3,cuda,2026-07-30T09:16:51,5.29
bp_fixed_mlp_h1_a03_thr010_dedupmax,val,0.5947829710386598,0.5609793816187568,0.5345933125427889,18.303142833378317,0.589013911026707,0.6376094391455435,bp,fixed,,mlp,,,max,1,0.3,0.1,"[1024, 512]",0.4,256,0.0001,250,20,1337,,985840,0.4000000059604645,0.9990000128746033,0.749056991738823,33797,184,205,3.163343165371869,1083.6,5459.3,cuda,2026-07-30T09:16:51,5.29
bp_fixed_mlp_h1_a05_thr010_dedupmax,test,0.6138567303195364,0.5839842631135341,0.5596362202606702,18.262408583436084,0.6088665702587474,0.6540536450211626,bp,fixed,,mlp,,,max,1,0.5,0.1,"[1024, 512]",0.4,256,0.0001,250,20,1337,,985840,0.4000000059604645,0.9990000128746033,0.749056991738823,33797,246,250,3.0038104637249097,1289.9,5459.3,cuda,2026-07-29T23:00:09,5.16
bp_fixed_mlp_h1_a05_thr010_dedupmax,val,0.6086544624645592,0.5760020882112601,0.5521289078314717,17.797918164004372,0.6052020245865789,0.6499326450950547,bp,fixed,,mlp,,,max,1,0.5,0.1,"[1024, 512]",0.4,256,0.0001,250,20,1337,,985840,0.4000000059604645,0.9990000128746033,0.749056991738823,33797,246,250,3.0038104637249097,1289.9,5459.3,cuda,2026-07-29T23:00:09,5.16
bp_fixed_mlp_h1_a07_thr010_dedupmax,test,0.6126878789791693,0.5812959707464732,0.5561025116640724,18.297587435509683,0.6038892601083241,0.650904815841074,bp,fixed,,mlp,,,max,1,0.7,0.1,"[1024, 512]",0.4,256,0.0001,250,20,1337,,985840,0.4000000059604645,0.9990000128746033,0.749056991738823,33797,249,250,3.0534991509205587,1296.1,5459.3,cuda,2026-07-30T09:38:43,5.18
bp_fixed_mlp_h1_a07_thr010_dedupmax,val,0.6094519715836547,0.5771751722462518,0.5522592370470244,17.887275779555956,0.6010452531284884,0.6471991886867918,bp,fixed,,mlp,,,max,1,0.7,0.1,"[1024, 512]",0.4,256,0.0001,250,20,1337,,985840,0.4000000059604645,0.9990000128746033,0.749056991738823,33797,249,250,3.0534991509205587,1296.1,5459.3,cuda,2026-07-30T09:38:43,5.18
bp_fixed_mlp_h1_a09_thr010_dedupmax,test,0.5973377869854396,0.5651480844071952,0.5389998063091516,18.967172344273813,0.5874944390903886,0.6351462175405045,bp,fixed,,mlp,,,max,1,0.9,0.1,"[1024, 512]",0.4,256,0.0001,250,20,1337,,985840,0.4000000059604645,0.9990000128746033,0.749056991738823,33797,148,169,3.236885657181611,935.2,5459.3,cuda,2026-07-30T09:54:29,5.53
bp_fixed_mlp_h1_a09_thr010_dedupmax,val,0.5926969799833158,0.5593350977418567,0.5337651172758062,18.560217054600383,0.5836896302976685,0.6316187057495637,bp,fixed,,mlp,,,max,1,0.9,0.1,"[1024, 512]",0.4,256,0.0001,250,20,1337,,985840,0.4000000059604645,0.9990000128746033,0.749056991738823,33797,148,169,3.236885657181611,935.2,5459.3,cuda,2026-07-30T09:54:29,5.53
bp_fixed_mlp_h2_a05_thr010_dedupmax,test,0.6023763202088068,0.5713449297090542,0.5464786735058379,18.59145291208288,0.5950150638572187,0.6472434690741475,bp,fixed,,mlp,,,max,2,0.5,0.1,"[1024, 512]",0.4,256,0.0001,250,20,1337,,985840,0.4000000059604645,0.9990000128746033,0.749056991738823,33797,240,250,3.072238980112849,1300.0,6544.1,cuda,2026-07-29T23:22:02,5.2
bp_fixed_mlp_h2_a05_thr010_dedupmax,val,0.600719591005973,0.5660890993436184,0.5406320010229053,18.060079544446634,0.5914095818893361,0.6431136919010265,bp,fixed,,mlp,,,max,2,0.5,0.1,"[1024, 512]",0.4,256,0.0001,250,20,1337,,985840,0.4000000059604645,0.9990000128746033,0.749056991738823,33797,240,250,3.072238980112849,1300.0,6544.1,cuda,2026-07-29T23:22:02,5.2
bp_fixed_mlp_h3_a05_thr010_dedupmax,test,0.5836924129402341,0.5507803299334695,0.5255775028707244,19.225226528729433,0.5767462489698393,0.6313602316124747,bp,fixed,,mlp,,,max,3,0.5,0.1,"[1024, 512]",0.4,256,0.0001,250,20,1337,,985840,0.4000000059604645,0.9990000128746033,0.749056991738823,33797,240,250,3.2833514084687105,1294.6,6544.1,cuda,2026-07-29T23:43:46,5.18
bp_fixed_mlp_h3_a05_thr010_dedupmax,val,0.5821231008812059,0.5472202907125653,0.5211920034227511,18.736800988298402,0.5735859928264917,0.6292169758051525,bp,fixed,,mlp,,,max,3,0.5,0.1,"[1024, 512]",0.4,256,0.0001,250,20,1337,,985840,0.4000000059604645,0.9990000128746033,0.749056991738823,33797,240,250,3.2833514084687105,1294.6,6544.1,cuda,2026-07-29T23:43:46,5.18
bp_fixed_mlp_h4_a05_thr010_dedupmax,test,0.5645661186570372,0.5311572008400894,0.5044957278050979,19.98559194681438,0.5555178942119107,0.6150127069572475,bp,fixed,,mlp,,,max,4,0.5,0.1,"[1024, 512]",0.4,256,0.0001,250,20,1337,,985840,0.4000000059604645,0.9990000128746033,0.749056991738823,33797,214,235,3.534886037981188,1243.6,6544.1,cuda,2026-07-30T00:04:39,5.29
bp_fixed_mlp_h4_a05_thr010_dedupmax,val,0.561746523738278,0.5258680194307198,0.49848931015912584,19.549124431445115,0.5499998000524113,0.6107564647092976,bp,fixed,,mlp,,,max,4,0.5,0.1,"[1024, 512]",0.4,256,0.0001,250,20,1337,,985840,0.4000000059604645,0.9990000128746033,0.749056991738823,33797,214,235,3.534886037981188,1243.6,6544.1,cuda,2026-07-30T00:04:39,5.29
bp_fixed_mlp_h5_a05_thr010_dedupmax,test,0.551967180955103,0.5170108791103455,0.48901262112785926,20.429380235269086,0.5433807190695353,0.6005788197338326,bp,fixed,,mlp,,,max,5,0.5,0.1,"[1024, 512]",0.4,256,0.0001,250,20,1337,,985840,0.4000000059604645,0.9990000128746033,0.749056991738823,33797,245,250,3.7549027945544267,1372.8,6544.1,cuda,2026-07-30T00:27:44,5.49
bp_fixed_mlp_h5_a05_thr010_dedupmax,val,0.5465855610098063,0.510269437042985,0.4816584268468638,19.961672316082645,0.5366033489690972,0.5953375895798956,bp,fixed,,mlp,,,max,5,0.5,0.1,"[1024, 512]",0.4,256,0.0001,250,20,1337,,985840,0.4000000059604645,0.9990000128746033,0.749056991738823,33797,245,250,3.7549027945544267,1372.8,6544.1,cuda,2026-07-30T00:27:44,5.49
bp_fixed_mlp_h6_a05_thr010_dedupmax,test,0.535525696365858,0.500097301117798,0.4733330580022092,20.984014126855243,0.536232765875052,0.5846018275376963,bp,fixed,,mlp,,,max,6,0.5,0.1,"[1024, 512]",0.4,256,0.0001,250,20,1337,,985840,0.4000000059604645,0.9990000128746033,0.749056991738823,33797,247,250,4.020029209755562,1309.0,6544.1,cuda,2026-07-30T00:49:45,5.24
bp_fixed_mlp_h6_a05_thr010_dedupmax,val,0.5302648855452876,0.4927906545999052,0.46452327968234236,20.500721027098265,0.5271803009842739,0.577323118393378,bp,fixed,,mlp,,,max,6,0.5,0.1,"[1024, 512]",0.4,256,0.0001,250,20,1337,,985840,0.4000000059604645,0.9990000128746033,0.749056991738823,33797,247,250,4.020029209755562,1309.0,6544.1,cuda,2026-07-30T00:49:45,5.24
bp_fixed_mlp_h7_a05_thr010_dedupmax,test,0.5219452280187157,0.47555258151307783,0.4566823025668014,21.58635587106546,0.5045005188075252,0.563919763222132,bp,fixed,,mlp,,,max,7,0.5,0.1,"[1024, 512]",0.4,256,0.0001,250,20,1337,,985840,0.4000000059604645,0.9990000128746033,0.749056991738823,33797,247,250,4.320744959083763,1336.9,6544.1,cuda,2026-07-30T01:12:13,5.35
bp_fixed_mlp_h7_a05_thr010_dedupmax,val,0.5156704164181178,0.46764641257076545,0.44720055339466874,21.170478277634118,0.4930110831381769,0.5534311681754666,bp,fixed,,mlp,,,max,7,0.5,0.1,"[1024, 512]",0.4,256,0.0001,250,20,1337,,985840,0.4000000059604645,0.9990000128746033,0.749056991738823,33797,247,250,4.320744959083763,1336.9,6544.1,cuda,2026-07-30T01:12:13,5.35
bp_fixed_mlp_h8_a05_thr010_dedupmax,test,0.5138896897608634,0.45392856738539905,0.4323720690987461,22.01467471372537,0.47818651571335835,0.543407413517207,bp,fixed,,mlp,,,max,8,0.5,0.1,"[1024, 512]",0.4,256,0.0001,250,20,1337,,985840,0.4000000059604645,0.9990000128746033,0.749056991738823,33797,247,250,4.524054411295298,1313.8,6544.1,cuda,2026-07-30T01:34:18,5.26
bp_fixed_mlp_h8_a05_thr010_dedupmax,val,0.5053259644024584,0.44247835378027967,0.42082574486282975,21.57587978543759,0.46662531339772356,0.53222261153054,bp,fixed,,mlp,,,max,8,0.5,0.1,"[1024, 512]",0.4,256,0.0001,250,20,1337,,985840,0.4000000059604645,0.9990000128746033,0.749056991738823,33797,247,250,4.524054411295298,1313.8,6544.1,cuda,2026-07-30T01:34:18,5.26
bp_fixed_mlp_h9_a05_thr010_dedupmax,test,0.501215394420487,0.44837539119152825,0.428169448720258,22.006022815409565,0.4695494584886722,0.5353817294506604,bp,fixed,,mlp,,,max,9,0.5,0.1,"[1024, 512]",0.4,256,0.0001,250,20,1337,,985840,0.4000000059604645,0.9990000128746033,0.749056991738823,33797,240,250,4.568406427228773,1313.5,6544.1,cuda,2026-07-30T01:56:24,5.25
bp_fixed_mlp_h9_a05_thr010_dedupmax,val,0.4951449725745308,0.44013139569363857,0.41806699132668973,21.58819474644616,0.45798239809489183,0.5240187504873043,bp,fixed,,mlp,,,max,9,0.5,0.1,"[1024, 512]",0.4,256,0.0001,250,20,1337,,985840,0.4000000059604645,0.9990000128746033,0.749056991738823,33797,240,250,4.568406427228773,1313.5,6544.1,cuda,2026-07-30T01:56:24,5.25
bp_fixed_mlp_h10_a05_thr010_dedupmax,test,0.5042402766827017,0.4465483989079932,0.42558214973839065,22.164278282470118,0.4695180420836126,0.5329430483136184,bp,fixed,,mlp,,,max,10,0.5,0.1,"[1024, 512]",0.4,256,0.0001,250,20,1337,,985840,0.4000000059604645,0.9990000128746033,0.749056991738823,33797,240,250,4.602419917647903,1301.2,6544.1,cuda,2026-07-30T02:18:14,5.2
bp_fixed_mlp_h10_a05_thr010_dedupmax,val,0.4967790100125344,0.437862995630458,0.4160523486542264,21.747427734991028,0.4581435075396385,0.5240658013598346,bp,fixed,,mlp,,,max,10,0.5,0.1,"[1024, 512]",0.4,256,0.0001,250,20,1337,,985840,0.4000000059604645,0.9990000128746033,0.749056991738823,33797,240,250,4.602419917647903,1301.2,6544.1,cuda,2026-07-30T02:18:14,5.2
bp_fixed_vision_h0_a05_thr010_dedupmax,test,0.534780488193428,0.49649565677392976,0.4647549827281928,20.98031541215732,0.46172671230630036,0.528845025757557,bp,fixed,,vision,convnext_tiny,,max,0,0.5,0.1,,,256,0.0001,250,20,1337,,985840,0.4000000059604645,0.9990000128746033,0.749056991738823,33797,12,33,4.2814477972082186,5132.3,1840.4,cuda,2026-07-30T13:44:23,155.52
bp_fixed_vision_h0_a05_thr010_dedupmax,val,0.5346631971293644,0.49617275843633485,0.463292978315066,20.485362117427186,0.46046520906638805,0.5302034666898114,bp,fixed,,vision,convnext_tiny,,max,0,0.5,0.1,,,256,0.0001,250,20,1337,,985840,0.4000000059604645,0.9990000128746033,0.749056991738823,33797,12,33,4.2814477972082186,5132.3,1840.4,cuda,2026-07-30T13:44:23,155.52
bp_fixed_vision_h1_a05_thr010_dedupmax,test,0.5418913070605231,0.5058001029190023,0.47470349582387855,20.65797569738453,0.4873581439138669,0.5492033851485947,bp,fixed,,vision,convnext_tiny,,max,1,0.5,0.1,,,256,0.0001,250,20,1337,,985840,0.4000000059604645,0.9990000128746033,0.749056991738823,33797,10,31,4.07127317222389,4903.9,5459.3,cuda,2026-07-30T15:06:24,158.19
bp_fixed_vision_h1_a05_thr010_dedupmax,val,0.5406916935745147,0.5033049027196076,0.47187918109724675,20.215343690308128,0.4855122400615037,0.5487783481493356,bp,fixed,,vision,convnext_tiny,,max,1,0.5,0.1,,,256,0.0001,250,20,1337,,985840,0.4000000059604645,0.9990000128746033,0.749056991738823,33797,10,31,4.07127317222389,4903.9,5459.3,cuda,2026-07-30T15:06:24,158.19
bp_fixed_vision_h2_a05_thr010_dedupmax,test,0.5561292122493526,0.5212594752437011,0.49255337789942905,20.088440026981715,0.4920991961366959,0.5630792713266602,bp,fixed,,vision,convnext_tiny,,max,2,0.5,0.1,,,256,0.0001,250,20,1337,,985840,0.4000000059604645,0.9990000128746033,0.749056991738823,33797,10,31,3.7663445988216915,4891.2,6544.1,cuda,2026-07-30T16:27:57,157.78
bp_fixed_vision_h2_a05_thr010_dedupmax,val,0.5543310210428299,0.5167875854806654,0.48743188545067123,19.600597676736474,0.48921805627526704,0.5630873743873602,bp,fixed,,vision,convnext_tiny,,max,2,0.5,0.1,,,256,0.0001,250,20,1337,,985840,0.4000000059604645,0.9990000128746033,0.749056991738823,33797,10,31,3.7663445988216915,4891.2,6544.1,cuda,2026-07-30T16:27:57,157.78
bp_fixed_vision_h3_a05_thr010_dedupmax,test,0.5671636186014033,0.5316027901595678,0.5045831816678964,19.77999151631932,0.5028481457036242,0.5733449745834751,bp,fixed,,vision,convnext_tiny,,max,3,0.5,0.1,,,256,0.0001,250,20,1337,,985840,0.4000000059604645,0.9990000128746033,0.749056991738823,33797,11,32,3.6851435931953223,4988.4,6544.1,cuda,2026-07-30T17:51:31,155.89
bp_fixed_vision_h3_a05_thr010_dedupmax,val,0.5628040748998153,0.5255567520928872,0.49779749964463305,19.30690380565347,0.4975193777411844,0.5656615676581829,bp,fixed,,vision,convnext_tiny,,max,3,0.5,0.1,,,256,0.0001,250,20,1337,,985840,0.4000000059604645,0.9990000128746033,0.749056991738823,33797,11,32,3.6851435931953223,4988.4,6544.1,cuda,2026-07-30T17:51:31,155.89
bp_fixed_vision_h5_a05_thr010_dedupmax,test,0.5836130054300618,0.5487650941971124,0.5238051456243609,18.999324896057985,0.4792136361156063,0.5705686274918609,bp,fixed,,vision,convnext_tiny,,max,5,0.5,0.1,,,256,0.0001,250,20,1337,,985840,0.4000000059604645,0.9990000128746033,0.749056991738823,33797,17,38,3.5381492924045874,5951.3,6544.1,cuda,2026-07-30T19:30:58,156.61
bp_fixed_vision_h5_a05_thr010_dedupmax,val,0.5790359296971157,0.5442339574164138,0.5177129566438987,18.57952211647159,0.4752273099006209,0.5652019139542905,bp,fixed,,vision,convnext_tiny,,max,5,0.5,0.1,,,256,0.0001,250,20,1337,,985840,0.4000000059604645,0.9990000128746033,0.749056991738823,33797,17,38,3.5381492924045874,5951.3,6544.1,cuda,2026-07-30T19:30:58,156.61
bp_fixed_vision_h7_a03_thr010_dedupmax,test,0.5682150806299531,0.5340368462499222,0.5080808323334115,19.95216762762409,0.605548552615268,0.5659998600151783,bp,fixed,,vision,convnext_tiny,,max,7,0.3,0.1,,,256,0.0001,250,20,1337,,985840,0.4000000059604645,0.9990000128746033,0.749056991738823,33797,24,45,3.757680822063137,7191.1,6544.1,cuda,2026-07-31T20:10:00,159.8
bp_fixed_vision_h7_a03_thr010_dedupmax,val,0.5649101639284444,0.5286490003884684,0.5014979986826221,19.38820624219067,0.6003078620395724,0.5619789196860577,bp,fixed,,vision,convnext_tiny,,max,7,0.3,0.1,,,256,0.0001,250,20,1337,,985840,0.4000000059604645,0.9990000128746033,0.749056991738823,33797,24,45,3.757680822063137,7191.1,6544.1,cuda,2026-07-31T20:10:00,159.8
bp_fixed_vision_h7_a05_thr010_dedupmax,test,0.5906718401598278,0.5580849381657429,0.5322320287108642,18.846448358782485,0.6240833346963137,0.575249403685677,bp,fixed,,vision,convnext_tiny,,max,7,0.5,0.1,,,256,0.0001,250,20,1337,,985840,0.4000000059604645,0.9990000128746033,0.749056991738823,33797,21,42,3.4857459905985237,6528.7,6544.1,cuda,2026-07-30T21:20:01,155.45
bp_fixed_vision_h7_a05_thr010_dedupmax,val,0.582952453427852,0.547787327007491,0.5216752529688224,18.456420630826617,0.6175239409438591,0.5687727696807005,bp,fixed,,vision,convnext_tiny,,max,7,0.5,0.1,,,256,0.0001,250,20,1337,,985840,0.4000000059604645,0.9990000128746033,0.749056991738823,33797,21,42,3.4857459905985237,6528.7,6544.1,cuda,2026-07-30T21:20:01,155.45
bp_fixed_vision_h7_a07_thr010_dedupmax,test,0.5785806242083926,0.5441123257817948,0.518212722304758,19.221874036895116,0.4887463148318124,0.57296965034632,bp,fixed,,vision,convnext_tiny,,max,7,0.7,0.1,,,256,0.0001,250,20,1337,,985840,0.4000000059604645,0.9990000128746033,0.749056991738823,33797,14,35,3.5251195688505432,5528.7,6544.1,cuda,2026-07-31T21:42:29,157.96
bp_fixed_vision_h7_a07_thr010_dedupmax,val,0.5740369755074407,0.537324643430183,0.5102107851223788,18.722975193394923,0.4853537586230936,0.5692888168266843,bp,fixed,,vision,convnext_tiny,,max,7,0.7,0.1,,,256,0.0001,250,20,1337,,985840,0.4000000059604645,0.9990000128746033,0.749056991738823,33797,14,35,3.5251195688505432,5528.7,6544.1,cuda,2026-07-31T21:42:29,157.96
bp_fixed_vision_h10_a05_thr010_dedupmax,test,0.5765537520178893,0.5432011926279449,0.5173849607606398,19.673626888953613,0.5067900301691782,0.5850470276933789,bp,fixed,,vision,convnext_tiny,,max,10,0.5,0.1,,,256,0.0001,250,20,1337,,985840,0.4000000059604645,0.9990000128746033,0.749056991738823,33797,17,38,3.472475986222963,5832.5,6544.1,cuda,2026-07-30T22:57:21,153.49
bp_fixed_vision_h10_a05_thr010_dedupmax,val,0.570954581093209,0.5364876000647918,0.5097766396723509,19.113479003940093,0.5033540935807764,0.5805789636329609,bp,fixed,,vision,convnext_tiny,,max,10,0.5,0.1,,,256,0.0001,250,20,1337,,985840,0.4000000059604645,0.9990000128746033,0.749056991738823,33797,17,38,3.472475986222963,5832.5,6544.1,cuda,2026-07-30T22:57:21,153.49
bp_gnn_gat_mlp_thr010_dedupmax,test,0.5314945229477688,0.4971376035792358,0.46731662199566426,21.515664794776562,0.5067164863786688,0.57518291376396,bp,gnn,gat,mlp,,,max,0,0.0,0.1,"[1024, 512]",0.4,256,0.0001,250,20,1337,,985840,0.4000000059604645,0.9990000128746033,0.749056991738823,33797,144,165,4.04569598146387,26632.4,18864.5,cuda,2026-08-02T07:38:13,161.41
bp_gnn_gat_mlp_thr010_dedupmax,val,0.5307505799823822,0.4947217597489232,0.46468907012224614,20.957080966979163,0.5024522656842838,0.5714651469789402,bp,gnn,gat,mlp,,,max,0,0.0,0.1,"[1024, 512]",0.4,256,0.0001,250,20,1337,,985840,0.4000000059604645,0.9990000128746033,0.749056991738823,33797,144,165,4.04569598146387,26632.4,18864.5,cuda,2026-08-02T07:38:13,161.41
bp_gnn_gcn_mlp_thr010_dedupmax,test,0.6205437031523816,0.5916793920102845,0.5695399782797583,17.660560205006075,0.6096816038967385,0.6626620646426356,bp,gnn,gcn,mlp,,,max,0,0.0,0.1,"[1024, 512]",0.4,256,0.0001,250,20,1337,,985840,0.4000000059604645,0.9990000128746033,0.749056991738823,33797,234,250,2.713609869415696,17189.6,12952.8,cuda,2026-08-01T18:05:52,68.76
bp_gnn_gcn_mlp_thr010_dedupmax,val,0.6127316072467549,0.5811728569333744,0.557829496475308,17.389223329063523,0.598785741176347,0.6527733536370388,bp,gnn,gcn,mlp,,,max,0,0.0,0.1,"[1024, 512]",0.4,256,0.0001,250,20,1337,,985840,0.4000000059604645,0.9990000128746033,0.749056991738823,33797,234,250,2.713609869415696,17189.6,12952.8,cuda,2026-08-01T18:05:52,68.76
bp_gnn_gat_vision_thr010_dedupmax,test,0.5332718202060701,0.5000708555894228,0.4707848005585693,21.053491011596464,0.5150944368451071,0.5708772834465297,bp,gnn,gat,vision,convnext_tiny,,max,0,0.0,0.1,,,256,0.0001,250,20,1337,,985840,0.4000000059604645,0.9990000128746033,0.749056991738823,33797,186,207,4.083179151689684,35001.0,19267.0,cuda,2026-08-03T17:32:16,169.09
bp_gnn_gat_vision_thr010_dedupmax,val,0.5278918161747667,0.49129732036873164,0.46165519124500276,20.556015102593992,0.5091641478775255,0.5681130394704692,bp,gnn,gat,vision,convnext_tiny,,max,0,0.0,0.1,,,256,0.0001,250,20,1337,,985840,0.4000000059604645,0.9990000128746033,0.749056991738823,33797,186,207,4.083179151689684,35001.0,19267.0,cuda,2026-08-03T17:32:16,169.09
bp_gnn_gcn_vision_thr010_dedupmax,test,0.5944673770394314,0.5632201954183457,0.538298649787345,18.798195949186514,0.5708964551189112,0.6048485494780191,bp,gnn,gcn,vision,convnext_tiny,,max,0,0.0,0.1,,,256,0.0001,250,20,1337,,985840,0.4000000059604645,0.9990000128746033,0.749056991738823,33797,73,94,3.2670905783369735,7055.3,13355.2,cuda,2026-08-03T07:48:43,75.06
bp_gnn_gcn_vision_thr010_dedupmax,val,0.5896093423961285,0.5568091027316441,0.5310472215713505,18.291832283600346,0.5641369750913336,0.5986765580167365,bp,gnn,gcn,vision,convnext_tiny,,max,0,0.0,0.1,,,256,0.0001,250,20,1337,,985840,0.4000000059604645,0.9990000128746033,0.749056991738823,33797,73,94,3.2670905783369735,7055.3,13355.2,cuda,2026-08-03T07:48:43,75.06
bp_hybrid_add_gat_mlp_h1_a07_thr010_dedupmax,test,0.5811865323538371,0.5488486963758271,0.5207919923204947,19.508050097699822,0.5787532087915482,0.6235589069094937,bp,hybrid,gat,mlp,,add,max,1,0.7,0.1,"[1024, 512]",0.4,256,0.0001,250,20,1337,precomp/gnn_gat_bp_thr010_h0_a00_mlp_dedupmax_hidden.pt,985840,0.4000000059604645,0.9990000128746033,0.749056991738823,33797,249,250,3.4109306271011763,1018.4,5459.3,cuda,2026-08-03T04:47:11,4.07
bp_hybrid_add_gat_mlp_h1_a07_thr010_dedupmax,val,0.5778370557447956,0.543360169629006,0.515222486658516,19.099165156439057,0.5726425989337978,0.6186590575089809,bp,hybrid,gat,mlp,,add,max,1,0.7,0.1,"[1024, 512]",0.4,256,0.0001,250,20,1337,precomp/gnn_gat_bp_thr010_h0_a00_mlp_dedupmax_hidden.pt,985840,0.4000000059604645,0.9990000128746033,0.749056991738823,33797,249,250,3.4109306271011763,1018.4,5459.3,cuda,2026-08-03T04:47:11,4.07
bp_hybrid_add_gcn_mlp_h1_a07_thr010_dedupmax,test,0.6286753240542569,0.5981476596184248,0.5751317438720752,17.3462921202503,0.6241780012181516,0.6573488232657341,bp,hybrid,gcn,mlp,,add,max,1,0.7,0.1,"[1024, 512]",0.4,256,0.0001,250,20,1337,precomp/gnn_gcn_bp_thr010_h0_a00_mlp_dedupmax_hidden.pt,985840,0.4000000059604645,0.9990000128746033,0.749056991738823,33797,94,115,2.9705198133313977,520.2,5459.3,cuda,2026-08-03T04:17:07,4.52
bp_hybrid_add_gcn_mlp_h1_a07_thr010_dedupmax,val,0.6215316478474375,0.5893494163999535,0.565177898367043,17.014026620078244,0.613705547184536,0.6467610180377052,bp,hybrid,gcn,mlp,,add,max,1,0.7,0.1,"[1024, 512]",0.4,256,0.0001,250,20,1337,precomp/gnn_gcn_bp_thr010_h0_a00_mlp_dedupmax_hidden.pt,985840,0.4000000059604645,0.9990000128746033,0.749056991738823,33797,94,115,2.9705198133313977,520.2,5459.3,cuda,2026-08-03T04:17:07,4.52
bp_hybrid_concat_gat_mlp_h1_a07_thr010_dedupmax,test,0.5941006140786718,0.5619785506282284,0.5358040947517279,18.999699823224844,0.5861689596020243,0.6308922044257436,bp,hybrid,gat,mlp,,concat,max,1,0.7,0.1,"[1024, 512]",0.4,256,0.0001,250,20,1337,precomp/gnn_gat_bp_thr010_h0_a00_mlp_dedupmax_hidden.pt,985840,0.4000000059604645,0.9990000128746033,0.749056991738823,33797,157,178,3.3087455839724154,762.4,5459.3,cuda,2026-08-03T04:30:00,4.28
bp_hybrid_concat_gat_mlp_h1_a07_thr010_dedupmax,val,0.5898983594472423,0.5566645264817215,0.5299367760810106,18.729166992957346,0.5800186603524655,0.6267231463636853,bp,hybrid,gat,mlp,,concat,max,1,0.7,0.1,"[1024, 512]",0.4,256,0.0001,250,20,1337,precomp/gnn_gat_bp_thr010_h0_a00_mlp_dedupmax_hidden.pt,985840,0.4000000059604645,0.9990000128746033,0.749056991738823,33797,157,178,3.3087455839724154,762.4,5459.3,cuda,2026-08-03T04:30:00,4.28
bp_hybrid_concat_gcn_mlp_h1_a07_thr010_dedupmax,test,0.6257606819670783,0.5951498779277935,0.5720260511912718,17.428055915954303,0.6369619456069947,0.6521460273223509,bp,hybrid,gcn,mlp,,concat,max,1,0.7,0.1,"[1024, 512]",0.4,256,0.0001,250,20,1337,precomp/gnn_gcn_bp_thr010_h0_a00_mlp_dedupmax_hidden.pt,985840,0.4000000059604645,0.9990000128746033,0.749056991738823,33797,71,92,3.003063846278835,446.5,5459.3,cuda,2026-08-03T04:08:16,4.85
bp_hybrid_concat_gcn_mlp_h1_a07_thr010_dedupmax,val,0.6185980407967722,0.58528870715392,0.5605237615560397,17.229797463549684,0.6284307703924916,0.6396041498499354,bp,hybrid,gcn,mlp,,concat,max,1,0.7,0.1,"[1024, 512]",0.4,256,0.0001,250,20,1337,precomp/gnn_gcn_bp_thr010_h0_a00_mlp_dedupmax_hidden.pt,985840,0.4000000059604645,0.9990000128746033,0.749056991738823,33797,71,92,3.003063846278835,446.5,5459.3,cuda,2026-08-03T04:08:16,4.85
bp_hybrid_add_gat_vision_h7_a05_thr010_dedupmax,test,0.5091312318470642,0.4705135671338638,0.4414853286419478,22.104314810186143,0.4679466615557151,0.5162387859822275,bp,hybrid,gat,vision,convnext_tiny,add,max,7,0.5,0.1,,,256,0.0001,250,20,1337,precomp/gnn_gat_bp_thr010_h0_a00_vision_dedupmax_hidden.pt,985840,0.4000000059604645,0.9990000128746033,0.749056991738823,33797,12,33,4.671964220098547,666.5,6544.1,cuda,2026-08-04T13:34:55,20.2
bp_hybrid_add_gat_vision_h7_a05_thr010_dedupmax,val,0.5068933345870011,0.4676688992234874,0.43742997764065517,21.59852669954835,0.4670725131629157,0.5154744750770139,bp,hybrid,gat,vision,convnext_tiny,add,max,7,0.5,0.1,,,256,0.0001,250,20,1337,precomp/gnn_gat_bp_thr010_h0_a00_vision_dedupmax_hidden.pt,985840,0.4000000059604645,0.9990000128746033,0.749056991738823,33797,12,33,4.671964220098547,666.5,6544.1,cuda,2026-08-04T13:34:55,20.2
bp_hybrid_add_gcn_vision_h7_a05_thr010_dedupmax,test,0.568601911507173,0.5338589852644842,0.505218939260096,19.720901499128182,0.510060110652464,0.5816183309824087,bp,hybrid,gcn,vision,convnext_tiny,add,max,7,0.5,0.1,,,256,0.0001,250,20,1337,precomp/gnn_gcn_bp_thr010_h0_a00_vision_dedupmax_hidden.pt,985840,0.4000000059604645,0.9990000128746033,0.749056991738823,33797,10,31,3.5681664041570715,649.0,6544.1,cuda,2026-08-04T13:23:36,20.94
bp_hybrid_add_gcn_vision_h7_a05_thr010_dedupmax,val,0.5668474080867182,0.5307870569130696,0.5020530651869541,19.15993971417654,0.5058267116546585,0.5783874066726419,bp,hybrid,gcn,vision,convnext_tiny,add,max,7,0.5,0.1,,,256,0.0001,250,20,1337,precomp/gnn_gcn_bp_thr010_h0_a00_vision_dedupmax_hidden.pt,985840,0.4000000059604645,0.9990000128746033,0.749056991738823,33797,10,31,3.5681664041570715,649.0,6544.1,cuda,2026-08-04T13:23:36,20.94
cc_fixed_mlp_h0_a05_thr010_dedupmax,test,0.767852592653232,0.7429237165942134,0.6477783133902216,9.466304395653033,0.7329614960754687,0.8205695257041319,cc,fixed,,mlp,,,max,0,0.5,0.1,"[1024, 512]",0.4,256,0.0001,250,20,1337,,1133132,0.4000000059604645,0.9990000128746033,0.7598636336977185,32477,103,124,2.092398898021595,662.0,1224.0,cuda,2026-07-30T02:29:51,5.34
cc_fixed_mlp_h0_a05_thr010_dedupmax,val,0.7720559132845535,0.7477395349420718,0.6520804813316569,9.25870247252136,0.7353670673807763,0.8236771394511108,cc,fixed,,mlp,,,max,0,0.5,0.1,"[1024, 512]",0.4,256,0.0001,250,20,1337,,1133132,0.4000000059604645,0.9990000128746033,0.7598636336977185,32477,103,124,2.092398898021595,662.0,1224.0,cuda,2026-07-30T02:29:51,5.34
cc_fixed_mlp_h1_a05_thr010_dedupmax,test,0.7765247609633021,0.7520397325175456,0.6597966230426402,9.044505586136527,0.7697247895191308,0.8380337376033019,cc,fixed,,mlp,,,max,1,0.5,0.1,"[1024, 512]",0.4,256,0.0001,250,20,1337,,1133132,0.4000000059604645,0.9990000128746033,0.7598636336977185,32477,81,102,1.8914839029312134,563.9,5508.9,cuda,2026-07-30T02:39:26,5.53
cc_fixed_mlp_h1_a05_thr010_dedupmax,val,0.779201342210979,0.7549875833166757,0.6611363248018229,8.963274049021251,0.7697667356944985,0.8384860352936586,cc,fixed,,mlp,,,max,1,0.5,0.1,"[1024, 512]",0.4,256,0.0001,250,20,1337,,1133132,0.4000000059604645,0.9990000128746033,0.7598636336977185,32477,81,102,1.8914839029312134,563.9,5508.9,cuda,2026-07-30T02:39:26,5.53
cc_fixed_mlp_h2_a01_thr010_dedupmax,test,0.7345135759741228,0.7036670373735764,0.5881186391283716,10.087916579831125,0.6928573573804029,0.796354171766922,cc,fixed,,mlp,,,max,2,0.1,0.1,"[1024, 512]",0.4,256,0.0001,250,20,1337,,1133132,0.4000000059604645,0.9990000128746033,0.7598636336977185,32477,249,250,2.6968743350054765,1315.1,6602.5,cuda,2026-07-30T10:17:00,5.26
cc_fixed_mlp_h2_a01_thr010_dedupmax,val,0.7317678875607992,0.7014365323331357,0.5849105532969644,10.227078449838633,0.6877987297636132,0.7893087627788025,cc,fixed,,mlp,,,max,2,0.1,0.1,"[1024, 512]",0.4,256,0.0001,250,20,1337,,1133132,0.4000000059604645,0.9990000128746033,0.7598636336977185,32477,249,250,2.6968743350054765,1315.1,6602.5,cuda,2026-07-30T10:17:00,5.26
cc_fixed_mlp_h2_a03_thr010_dedupmax,test,0.7647287520899728,0.7390720058647292,0.6386476673295756,9.264784158940886,0.7319620619306471,0.8332449113290917,cc,fixed,,mlp,,,max,2,0.3,0.1,"[1024, 512]",0.4,256,0.0001,250,20,1337,,1133132,0.4000000059604645,0.9990000128746033,0.7598636336977185,32477,184,205,2.088465929031372,1086.8,6602.5,cuda,2026-07-30T10:35:17,5.3
cc_fixed_mlp_h2_a03_thr010_dedupmax,val,0.763905477076327,0.7380746375909313,0.6359853971035042,9.288127071575826,0.7282391013522772,0.8287960932092006,cc,fixed,,mlp,,,max,2,0.3,0.1,"[1024, 512]",0.4,256,0.0001,250,20,1337,,1133132,0.4000000059604645,0.9990000128746033,0.7598636336977185,32477,184,205,2.088465929031372,1086.8,6602.5,cuda,2026-07-30T10:35:17,5.3
cc_fixed_mlp_h2_a05_thr010_dedupmax,test,0.779220563092065,0.7548844472399274,0.6634016248883914,8.633703544585403,0.7399451975530699,0.8379541052549818,cc,fixed,,mlp,,,max,2,0.5,0.1,"[1024, 512]",0.4,256,0.0001,250,20,1337,,1133132,0.4000000059604645,0.9990000128746033,0.7598636336977185,32477,216,237,1.8822807234686774,1250.4,6602.5,cuda,2026-07-30T03:00:27,5.28
cc_fixed_mlp_h2_a05_thr010_dedupmax,val,0.7783278859899678,0.7541075152470218,0.6612703536938654,8.612397809883186,0.7368914924690005,0.8329641339344047,cc,fixed,,mlp,,,max,2,0.5,0.1,"[1024, 512]",0.4,256,0.0001,250,20,1337,,1133132,0.4000000059604645,0.9990000128746033,0.7598636336977185,32477,216,237,1.8822807234686774,1250.4,6602.5,cuda,2026-07-30T03:00:27,5.28
cc_fixed_mlp_h2_a07_thr010_dedupmax,test,0.7815675120214142,0.7585972163897873,0.6700066461529997,8.760473281973756,0.7427207828659442,0.8388008338146308,cc,fixed,,mlp,,,max,2,0.7,0.1,"[1024, 512]",0.4,256,0.0001,250,20,1337,,1133132,0.4000000059604645,0.9990000128746033,0.7598636336977185,32477,151,172,1.8331790453678853,941.5,6602.5,cuda,2026-07-30T10:51:07,5.47
cc_fixed_mlp_h2_a07_thr010_dedupmax,val,0.7821061941542683,0.7587967642051894,0.6684461034252525,8.692402245294598,0.741824061294279,0.8406148089076347,cc,fixed,,mlp,,,max,2,0.7,0.1,"[1024, 512]",0.4,256,0.0001,250,20,1337,,1133132,0.4000000059604645,0.9990000128746033,0.7598636336977185,32477,151,172,1.8331790453678853,941.5,6602.5,cuda,2026-07-30T10:51:07,5.47
cc_fixed_mlp_h2_a09_thr010_dedupmax,test,0.7761015189937808,0.7522591623131163,0.6613268429559638,9.087343509606894,0.7364758890421598,0.82900145522819,cc,fixed,,mlp,,,max,2,0.9,0.1,"[1024, 512]",0.4,256,0.0001,250,20,1337,,1133132,0.4000000059604645,0.9990000128746033,0.7598636336977185,32477,126,147,1.9498736922805373,793.7,6602.5,cuda,2026-07-30T11:04:37,5.4
cc_fixed_mlp_h2_a09_thr010_dedupmax,val,0.7787803977047612,0.7548496461003197,0.6631382369490659,8.920865525937192,0.7372804783613465,0.8316674247119209,cc,fixed,,mlp,,,max,2,0.9,0.1,"[1024, 512]",0.4,256,0.0001,250,20,1337,,1133132,0.4000000059604645,0.9990000128746033,0.7598636336977185,32477,126,147,1.9498736922805373,793.7,6602.5,cuda,2026-07-30T11:04:37,5.4
cc_fixed_mlp_h3_a05_thr010_dedupmax,test,0.771128380281631,0.7457782101012178,0.6483558204725652,8.993582228981266,0.7361687275815296,0.8351748104558391,cc,fixed,,mlp,,,max,3,0.5,0.1,"[1024, 512]",0.4,256,0.0001,250,20,1337,,1133132,0.4000000059604645,0.9990000128746033,0.7598636336977185,32477,184,205,1.9908186068405975,1060.7,6602.5,cuda,2026-07-30T03:18:20,5.17
cc_fixed_mlp_h3_a05_thr010_dedupmax,val,0.7707457203861066,0.7460210256324945,0.647061877115964,9.038421445490055,0.7335498950529317,0.8335886165008054,cc,fixed,,mlp,,,max,3,0.5,0.1,"[1024, 512]",0.4,256,0.0001,250,20,1337,,1133132,0.4000000059604645,0.9990000128746033,0.7598636336977185,32477,184,205,1.9908186068405975,1060.7,6602.5,cuda,2026-07-30T03:18:20,5.17
cc_fixed_mlp_h4_a05_thr010_dedupmax,test,0.761738817924955,0.7356002661960765,0.6343138633131349,9.338424703515136,0.7274531283989658,0.8316088097029455,cc,fixed,,mlp,,,max,4,0.5,0.1,"[1024, 512]",0.4,256,0.0001,250,20,1337,,1133132,0.4000000059604645,0.9990000128746033,0.7598636336977185,32477,184,205,2.142630361221932,1058.6,6602.5,cuda,2026-07-30T03:36:10,5.16
cc_fixed_mlp_h4_a05_thr010_dedupmax,val,0.7605257457610138,0.7341205126953756,0.6302632257410383,9.402714657074426,0.7231787584803544,0.8252511392129172,cc,fixed,,mlp,,,max,4,0.5,0.1,"[1024, 512]",0.4,256,0.0001,250,20,1337,,1133132,0.4000000059604645,0.9990000128746033,0.7598636336977185,32477,184,205,2.142630361221932,1058.6,6602.5,cuda,2026-07-30T03:36:10,5.16
cc_fixed_mlp_h5_a05_thr010_dedupmax,test,0.7521482996570507,0.724498904380517,0.6185399789230801,9.648017054415522,0.7187811829539728,0.8226690070942098,cc,fixed,,mlp,,,max,5,0.5,0.1,"[1024, 512]",0.4,256,0.0001,250,20,1337,,1133132,0.4000000059604645,0.9990000128746033,0.7598636336977185,32477,230,250,2.2782295910087793,1287.4,6602.5,cuda,2026-07-30T03:57:48,5.15
cc_fixed_mlp_h5_a05_thr010_dedupmax,val,0.7509502576303078,0.7234887384149457,0.6157815921565523,9.708061121768413,0.7151970851612528,0.8175990852184154,cc,fixed,,mlp,,,max,5,0.5,0.1,"[1024, 512]",0.4,256,0.0001,250,20,1337,,1133132,0.4000000059604645,0.9990000128746033,0.7598636336977185,32477,230,250,2.2782295910087793,1287.4,6602.5,cuda,2026-07-30T03:57:48,5.15
cc_fixed_mlp_h6_a05_thr010_dedupmax,test,0.7438151399957241,0.7153604392481656,0.6043721124855868,9.998690196971367,0.7085141743745319,0.813327552601604,cc,fixed,,mlp,,,max,6,0.5,0.1,"[1024, 512]",0.4,256,0.0001,250,20,1337,,1133132,0.4000000059604645,0.9990000128746033,0.7598636336977185,32477,244,250,2.4884231992670007,1308.2,6602.5,cuda,2026-07-30T04:19:44,5.23
cc_fixed_mlp_h6_a05_thr010_dedupmax,val,0.7405172966343843,0.7120952122905059,0.599109116095884,10.053869059245148,0.7029539477708244,0.806333672343238,cc,fixed,,mlp,,,max,6,0.5,0.1,"[1024, 512]",0.4,256,0.0001,250,20,1337,,1133132,0.4000000059604645,0.9990000128746033,0.7598636336977185,32477,244,250,2.4884231992670007,1308.2,6602.5,cuda,2026-07-30T04:19:44,5.23
cc_fixed_mlp_h7_a05_thr010_dedupmax,test,0.7274521289897784,0.6939590428100958,0.5702208278913764,10.317854024744722,0.6846506929610832,0.7880706715011692,cc,fixed,,mlp,,,max,7,0.5,0.1,"[1024, 512]",0.4,256,0.0001,250,20,1337,,1133132,0.4000000059604645,0.9990000128746033,0.7598636336977185,32477,248,250,2.811233120995599,1304.6,6602.5,cuda,2026-07-30T04:41:42,5.22
cc_fixed_mlp_h7_a05_thr010_dedupmax,val,0.7249135013320106,0.6914000504150396,0.5686253294837541,10.444163702007762,0.6794742293142976,0.7842357476879671,cc,fixed,,mlp,,,max,7,0.5,0.1,"[1024, 512]",0.4,256,0.0001,250,20,1337,,1133132,0.4000000059604645,0.9990000128746033,0.7598636336977185,32477,248,250,2.811233120995599,1304.6,6602.5,cuda,2026-07-30T04:41:42,5.22
cc_fixed_mlp_h8_a05_thr010_dedupmax,test,0.714748101870413,0.6800886497903791,0.5464510442775654,10.581946399775076,0.6656105983757924,0.7681188642428469,cc,fixed,,mlp,,,max,8,0.5,0.1,"[1024, 512]",0.4,256,0.0001,250,20,1337,,1133132,0.4000000059604645,0.9990000128746033,0.7598636336977185,32477,222,243,3.0650946449589087,1263.2,6602.5,cuda,2026-07-30T05:02:56,5.2
cc_fixed_mlp_h8_a05_thr010_dedupmax,val,0.7125037255496224,0.6771773877698772,0.5406882594973377,10.682916359363873,0.6609115539899146,0.7654078949984339,cc,fixed,,mlp,,,max,8,0.5,0.1,"[1024, 512]",0.4,256,0.0001,250,20,1337,,1133132,0.4000000059604645,0.9990000128746033,0.7598636336977185,32477,222,243,3.0650946449589087,1263.2,6602.5,cuda,2026-07-30T05:02:56,5.2
cc_fixed_mlp_h9_a05_thr010_dedupmax,test,0.7121980196089195,0.6776761063033238,0.5418116293683294,10.634019773504384,0.6623824388425789,0.7643531099607721,cc,fixed,,mlp,,,max,9,0.5,0.1,"[1024, 512]",0.4,256,0.0001,250,20,1337,,1133132,0.4000000059604645,0.9990000128746033,0.7598636336977185,32477,212,233,3.1115141623728984,1265.3,6602.5,cuda,2026-07-30T05:24:13,5.43
cc_fixed_mlp_h9_a05_thr010_dedupmax,val,0.7097710638689415,0.6745041714552639,0.5364017855286806,10.749044133603679,0.6573919165332968,0.7609349604266835,cc,fixed,,mlp,,,max,9,0.5,0.1,"[1024, 512]",0.4,256,0.0001,250,20,1337,,1133132,0.4000000059604645,0.9990000128746033,0.7598636336977185,32477,212,233,3.1115141623728984,1265.3,6602.5,cuda,2026-07-30T05:24:13,5.43
cc_fixed_mlp_h10_a05_thr010_dedupmax,test,0.7082265855044031,0.6734188970390803,0.5366136107878069,10.836020103469101,0.6597763772519608,0.7638598382978579,cc,fixed,,mlp,,,max,10,0.5,0.1,"[1024, 512]",0.4,256,0.0001,250,20,1337,,1133132,0.4000000059604645,0.9990000128746033,0.7598636336977185,32477,139,160,3.181452055235167,868.6,6602.5,cuda,2026-07-30T05:38:53,5.43
cc_fixed_mlp_h10_a05_thr010_dedupmax,val,0.7059363197025367,0.6703896246998297,0.5332986381676734,10.928682778146598,0.6559151492792957,0.7606233372792341,cc,fixed,,mlp,,,max,10,0.5,0.1,"[1024, 512]",0.4,256,0.0001,250,20,1337,,1133132,0.4000000059604645,0.9990000128746033,0.7598636336977185,32477,139,160,3.181452055235167,868.6,6602.5,cuda,2026-07-30T05:38:53,5.43
cc_fixed_vision_h0_a05_thr010_dedupmax,test,0.7409927837125445,0.7117729371397377,0.5995962827791076,10.35888875361627,0.606247196740018,0.7648077055476228,cc,fixed,,vision,convnext_tiny,,max,0,0.5,0.1,,,256,0.0001,250,20,1337,,1133132,0.4000000059604645,0.9990000128746033,0.7598636336977185,32477,10,31,2.742898799277641,5019.2,1854.2,cuda,2026-07-31T00:21:33,161.91
cc_fixed_vision_h0_a05_thr010_dedupmax,val,0.7419844307211914,0.712860082090804,0.6013098635928058,10.20921089295862,0.606810167641633,0.7678331727491391,cc,fixed,,vision,convnext_tiny,,max,0,0.5,0.1,,,256,0.0001,250,20,1337,,1133132,0.4000000059604645,0.9990000128746033,0.7598636336977185,32477,10,31,2.742898799277641,5019.2,1854.2,cuda,2026-07-31T00:21:33,161.91
cc_fixed_vision_h1_a05_thr010_dedupmax,test,0.7471390243963043,0.7189579541226142,0.6110278055614016,10.15416104552442,0.6193474967748301,0.7822951928402077,cc,fixed,,vision,convnext_tiny,,max,1,0.5,0.1,,,256,0.0001,250,20,1337,,1133132,0.4000000059604645,0.9990000128746033,0.7598636336977185,32477,9,30,2.5086492138939933,4660.5,5508.9,cuda,2026-07-31T01:39:25,155.35
cc_fixed_vision_h1_a05_thr010_dedupmax,val,0.7464276742857879,0.7182498428071326,0.6103967961370679,10.003359332636863,0.6166075844256916,0.780997150693401,cc,fixed,,vision,convnext_tiny,,max,1,0.5,0.1,,,256,0.0001,250,20,1337,,1133132,0.4000000059604645,0.9990000128746033,0.7598636336977185,32477,9,30,2.5086492138939933,4660.5,5508.9,cuda,2026-07-31T01:39:25,155.35
cc_fixed_vision_h2_a05_thr010_dedupmax,test,0.7547333352593444,0.7270923853568688,0.619004852209917,9.696874941376276,0.6281390392630682,0.7928365179180256,cc,fixed,,vision,convnext_tiny,,max,2,0.5,0.1,,,256,0.0001,250,20,1337,,1133132,0.4000000059604645,0.9990000128746033,0.7598636336977185,32477,9,30,2.357602586617341,4698.6,6602.5,cuda,2026-07-31T02:57:55,156.62
cc_fixed_vision_h2_a05_thr010_dedupmax,val,0.754618804261538,0.7271364351187303,0.6191192793555295,9.648877705676023,0.6258572568349048,0.793011576266857,cc,fixed,,vision,convnext_tiny,,max,2,0.5,0.1,,,256,0.0001,250,20,1337,,1133132,0.4000000059604645,0.9990000128746033,0.7598636336977185,32477,9,30,2.357602586617341,4698.6,6602.5,cuda,2026-07-31T02:57:55,156.62
cc_fixed_vision_h3_a05_thr010_dedupmax,test,0.7595045646330365,0.7324322881295308,0.6272463396366489,9.448127720896263,0.6103628179390446,0.792809489108433,cc,fixed,,vision,convnext_tiny,,max,3,0.5,0.1,,,256,0.0001,250,20,1337,,1133132,0.4000000059604645,0.9990000128746033,0.7598636336977185,32477,10,31,2.2728542025024825,4836.9,6602.5,cuda,2026-07-31T04:18:44,156.03
cc_fixed_vision_h3_a05_thr010_dedupmax,val,0.757637048670149,0.7304937977642726,0.6253244091264742,9.437407054597816,0.608520682446074,0.7932312901312162,cc,fixed,,vision,convnext_tiny,,max,3,0.5,0.1,,,256,0.0001,250,20,1337,,1133132,0.4000000059604645,0.9990000128746033,0.7598636336977185,32477,10,31,2.2728542025024825,4836.9,6602.5,cuda,2026-07-31T04:18:44,156.03
cc_fixed_vision_h5_a03_thr010_dedupmax,test,0.7561659254735896,0.7291941027136929,0.6219601959339924,9.50400530991567,0.6397477815894652,0.8017602060735074,cc,fixed,,vision,convnext_tiny,,max,5,0.3,0.1,,,256,0.0001,250,20,1337,,1133132,0.4000000059604645,0.9990000128746033,0.7598636336977185,32477,12,33,2.2643776648753398,5388.7,6602.5,cuda,2026-07-31T23:12:48,163.29
cc_fixed_vision_h5_a03_thr010_dedupmax,val,0.752890721457422,0.7254188314991433,0.6176224627357225,9.58529198490028,0.6350503062943614,0.7990696414751792,cc,fixed,,vision,convnext_tiny,,max,5,0.3,0.1,,,256,0.0001,250,20,1337,,1133132,0.4000000059604645,0.9990000128746033,0.7598636336977185,32477,12,33,2.2643776648753398,5388.7,6602.5,cuda,2026-07-31T23:12:48,163.29
cc_fixed_vision_h5_a05_thr010_dedupmax,test,0.7606985166612054,0.7339898332597715,0.629333663061032,9.247016015450995,0.6039563848574503,0.7872448602508916,cc,fixed,,vision,convnext_tiny,,max,5,0.5,0.1,,,256,0.0001,250,20,1337,,1133132,0.4000000059604645,0.9990000128746033,0.7598636336977185,32477,13,34,2.2381363913819596,5289.0,6602.5,cuda,2026-07-31T05:47:03,155.56
cc_fixed_vision_h5_a05_thr010_dedupmax,val,0.7611671278812168,0.7340014356059729,0.6282595680065618,9.192636192174161,0.6007066119995225,0.7875647277381569,cc,fixed,,vision,convnext_tiny,,max,5,0.5,0.1,,,256,0.0001,250,20,1337,,1133132,0.4000000059604645,0.9990000128746033,0.7598636336977185,32477,13,34,2.2381363913819596,5289.0,6602.5,cuda,2026-07-31T05:47:03,155.56
cc_fixed_vision_h5_a07_thr010_dedupmax,test,0.7598967694637523,0.732631801116144,0.6269147774872831,9.511547743739424,0.6118224588008374,0.7940809229346448,cc,fixed,,vision,convnext_tiny,,max,5,0.7,0.1,,,256,0.0001,250,20,1337,,1133132,0.4000000059604645,0.9990000128746033,0.7598636336977185,32477,10,31,2.28602795020954,5016.1,6602.5,cuda,2026-08-01T00:36:52,161.81
cc_fixed_vision_h5_a07_thr010_dedupmax,val,0.7584286619422663,0.7304547402842656,0.6235240936995001,9.493066909449112,0.6102733648574861,0.7943876695264287,cc,fixed,,vision,convnext_tiny,,max,5,0.7,0.1,,,256,0.0001,250,20,1337,,1133132,0.4000000059604645,0.9990000128746033,0.7598636336977185,32477,10,31,2.28602795020954,5016.1,6602.5,cuda,2026-08-01T00:36:52,161.81
cc_fixed_vision_h7_a05_thr010_dedupmax,test,0.7604532794703487,0.734039038239664,0.6273499400159189,9.322950701672202,0.6171341484762565,0.7961978697016379,cc,fixed,,vision,convnext_tiny,,max,7,0.5,0.1,,,256,0.0001,250,20,1337,,1133132,0.4000000059604645,0.9990000128746033,0.7598636336977185,32477,14,35,2.2290794881614477,5426.0,6602.5,cuda,2026-07-31T07:17:41,155.03
cc_fixed_vision_h7_a05_thr010_dedupmax,val,0.7588959651277725,0.73222178453801,0.6247210571811179,9.351121705403894,0.6137278290874464,0.7884969299380553,cc,fixed,,vision,convnext_tiny,,max,7,0.5,0.1,,,256,0.0001,250,20,1337,,1133132,0.4000000059604645,0.9990000128746033,0.7598636336977185,32477,14,35,2.2290794881614477,5426.0,6602.5,cuda,2026-07-31T07:17:41,155.03
cc_fixed_vision_h10_a05_thr010_dedupmax,test,0.7564184498610429,0.7298026431245629,0.6251325579970705,9.503358124730612,0.633059371057519,0.8010446001962441,cc,fixed,,vision,convnext_tiny,,max,10,0.5,0.1,,,256,0.0001,250,20,1337,,1133132,0.4000000059604645,0.9990000128746033,0.7598636336977185,32477,15,36,2.258219180880366,5567.4,6602.5,cuda,2026-07-31T08:50:35,154.65
cc_fixed_vision_h10_a05_thr010_dedupmax,val,0.7560770402699029,0.72868999543027,0.6212350570572385,9.540035126272981,0.6299451903477911,0.7968797379030554,cc,fixed,,vision,convnext_tiny,,max,10,0.5,0.1,,,256,0.0001,250,20,1337,,1133132,0.4000000059604645,0.9990000128746033,0.7598636336977185,32477,15,36,2.258219180880366,5567.4,6602.5,cuda,2026-07-31T08:50:35,154.65
cc_gnn_gat_mlp_thr010_dedupmax,test,0.7476765099463767,0.7198914556494006,0.6104790540793844,9.929082331430662,0.7102701609071497,0.8119282575316544,cc,gnn,gat,mlp,,,max,0,0.0,0.1,"[1024, 512]",0.4,256,0.0001,250,20,1337,,1133132,0.4000000059604645,0.9990000128746033,0.7598636336977185,32477,208,229,2.3163339060706063,41430.3,21207.8,cuda,2026-08-02T19:09:25,180.92
cc_gnn_gat_mlp_thr010_dedupmax,val,0.7489843729281296,0.72106859044047,0.6113549623573036,9.846630288003176,0.7087208335841645,0.8119178139024008,cc,gnn,gat,mlp,,,max,0,0.0,0.1,"[1024, 512]",0.4,256,0.0001,250,20,1337,,1133132,0.4000000059604645,0.9990000128746033,0.7598636336977185,32477,208,229,2.3163339060706063,41430.3,21207.8,cuda,2026-08-02T19:09:25,180.92
cc_gnn_gcn_mlp_thr010_dedupmax,test,0.784150727349487,0.7600826137211565,0.6670321004689905,8.440520834509835,0.7440548893409048,0.840654075311256,cc,gnn,gcn,mlp,,,max,0,0.0,0.1,"[1024, 512]",0.4,256,0.0001,250,20,1337,,1133132,0.4000000059604645,0.9990000128746033,0.7598636336977185,32477,176,197,1.8102777809710116,15125.3,14426.4,cuda,2026-08-01T22:18:29,76.78
cc_gnn_gcn_mlp_thr010_dedupmax,val,0.7820763413595617,0.7579601753462532,0.6634770168029677,8.500328298270217,0.7379875045895414,0.8321712751990864,cc,gnn,gcn,mlp,,,max,0,0.0,0.1,"[1024, 512]",0.4,256,0.0001,250,20,1337,,1133132,0.4000000059604645,0.9990000128746033,0.7598636336977185,32477,176,197,1.8102777809710116,15125.3,14426.4,cuda,2026-08-01T22:18:29,76.78
cc_gnn_gat_vision_thr010_dedupmax,test,0.7371881810542463,0.7087360186240452,0.5939299466319711,10.191668985376888,0.6954476379779239,0.7902687907965272,cc,gnn,gat,vision,convnext_tiny,,max,0,0.0,0.1,,,256,0.0001,250,20,1337,,1133132,0.4000000059604645,0.9990000128746033,0.7598636336977185,32477,166,187,2.564207489426072,34922.3,21610.2,cuda,2026-08-04T05:06:54,186.75
cc_gnn_gat_vision_thr010_dedupmax,val,0.7392955678021388,0.7103936691234938,0.594454268467066,10.08660906167593,0.6934684390056663,0.7898516506208576,cc,gnn,gat,vision,convnext_tiny,,max,0,0.0,0.1,,,256,0.0001,250,20,1337,,1133132,0.4000000059604645,0.9990000128746033,0.7598636336977185,32477,166,187,2.564207489426072,34922.3,21610.2,cuda,2026-08-04T05:06:54,186.75
cc_gnn_gcn_vision_thr010_dedupmax,test,0.7624517275365659,0.7363767110488195,0.6340228396536314,9.317287644366926,0.7413103025817331,0.8114049642707075,cc,gnn,gcn,vision,convnext_tiny,,max,0,0.0,0.1,,,256,0.0001,250,20,1337,,1133132,0.4000000059604645,0.9990000128746033,0.7598636336977185,32477,59,80,2.1191447973251343,6694.3,14828.8,cuda,2026-08-03T19:24:36,83.68
cc_gnn_gcn_vision_thr010_dedupmax,val,0.7620638622227306,0.7363372310113124,0.6332920272436934,9.330038436284974,0.7376464504201107,0.8099381407019759,cc,gnn,gcn,vision,convnext_tiny,,max,0,0.0,0.1,,,256,0.0001,250,20,1337,,1133132,0.4000000059604645,0.9990000128746033,0.7598636336977185,32477,59,80,2.1191447973251343,6694.3,14828.8,cuda,2026-08-03T19:24:36,83.68
cc_hybrid_add_gat_mlp_h2_a07_thr010_dedupmax,test,0.7717305866770462,0.7460840946512074,0.6510276244461218,8.999278564551526,0.72928618893224,0.8242063990437944,cc,hybrid,gat,mlp,,add,max,2,0.7,0.1,"[1024, 512]",0.4,256,0.0001,250,20,1337,precomp/gnn_gat_cc_thr010_h0_a00_mlp_dedupmax_hidden.pt,1133132,0.4000000059604645,0.9990000128746033,0.7598636336977185,32477,162,183,2.067797918577452,796.8,6602.5,cuda,2026-08-03T05:19:11,4.35
cc_hybrid_add_gat_mlp_h2_a07_thr010_dedupmax,val,0.7704120471330874,0.7448911183513072,0.647787450484203,9.023674409364839,0.7264367144230162,0.8214580879387761,cc,hybrid,gat,mlp,,add,max,2,0.7,0.1,"[1024, 512]",0.4,256,0.0001,250,20,1337,precomp/gnn_gat_cc_thr010_h0_a00_mlp_dedupmax_hidden.pt,1133132,0.4000000059604645,0.9990000128746033,0.7598636336977185,32477,162,183,2.067797918577452,796.8,6602.5,cuda,2026-08-03T05:19:11,4.35
cc_hybrid_add_gcn_mlp_h2_a07_thr010_dedupmax,test,0.7886615469714346,0.7647956314001388,0.6709921952963293,8.418514720233194,0.8532325618927156,0.8328671948804538,cc,hybrid,gcn,mlp,,add,max,2,0.7,0.1,"[1024, 512]",0.4,256,0.0001,250,20,1337,precomp/gnn_gcn_cc_thr010_h0_a00_mlp_dedupmax_hidden.pt,1133132,0.4000000059604645,0.9990000128746033,0.7598636336977185,32477,22,43,1.916075368185301,240.8,6602.5,cuda,2026-08-03T04:57:08,5.6
cc_hybrid_add_gcn_mlp_h2_a07_thr010_dedupmax,val,0.7855454398949767,0.7605248192825912,0.6642788869791056,8.468285880015136,0.8499089298893979,0.8277449790838072,cc,hybrid,gcn,mlp,,add,max,2,0.7,0.1,"[1024, 512]",0.4,256,0.0001,250,20,1337,precomp/gnn_gcn_cc_thr010_h0_a00_mlp_dedupmax_hidden.pt,1133132,0.4000000059604645,0.9990000128746033,0.7598636336977185,32477,22,43,1.916075368185301,240.8,6602.5,cuda,2026-08-03T04:57:08,5.6
cc_hybrid_concat_gat_mlp_h2_a07_thr010_dedupmax,test,0.7771245961160704,0.7526594478329854,0.6587192063178076,8.857987241767544,0.7564917641890648,0.8303676852370845,cc,hybrid,gat,mlp,,concat,max,2,0.7,0.1,"[1024, 512]",0.4,256,0.0001,250,20,1337,precomp/gnn_gat_cc_thr010_h0_a00_mlp_dedupmax_hidden.pt,1133132,0.4000000059604645,0.9990000128746033,0.7598636336977185,32477,88,109,1.9877463385865495,501.1,6602.5,cuda,2026-08-03T05:05:41,4.6
cc_hybrid_concat_gat_mlp_h2_a07_thr010_dedupmax,val,0.7762727683866387,0.7518001636958992,0.6566663969967697,8.827157210885199,0.752462067408305,0.8235390086373816,cc,hybrid,gat,mlp,,concat,max,2,0.7,0.1,"[1024, 512]",0.4,256,0.0001,250,20,1337,precomp/gnn_gat_cc_thr010_h0_a00_mlp_dedupmax_hidden.pt,1133132,0.4000000059604645,0.9990000128746033,0.7598636336977185,32477,88,109,1.9877463385865495,501.1,6602.5,cuda,2026-08-03T05:05:41,4.6
cc_hybrid_concat_gcn_mlp_h2_a07_thr010_dedupmax,test,0.788228183520693,0.7643900359120679,0.6747227649012337,8.343314039582756,0.8269419142234261,0.8320568779195696,cc,hybrid,gcn,mlp,,concat,max,2,0.7,0.1,"[1024, 512]",0.4,256,0.0001,250,20,1337,precomp/gnn_gcn_cc_thr010_h0_a00_mlp_dedupmax_hidden.pt,1133132,0.4000000059604645,0.9990000128746033,0.7598636336977185,32477,38,59,1.9254712156347327,306.7,6602.5,cuda,2026-08-03T04:52:57,5.2
cc_hybrid_concat_gcn_mlp_h2_a07_thr010_dedupmax,val,0.786571643513772,0.7623056502069856,0.6706104061502935,8.341070221520665,0.8209867355031782,0.8282945944803106,cc,hybrid,gcn,mlp,,concat,max,2,0.7,0.1,"[1024, 512]",0.4,256,0.0001,250,20,1337,precomp/gnn_gcn_cc_thr010_h0_a00_mlp_dedupmax_hidden.pt,1133132,0.4000000059604645,0.9990000128746033,0.7598636336977185,32477,38,59,1.9254712156347327,306.7,6602.5,cuda,2026-08-03T04:52:57,5.2
cc_hybrid_add_gat_vision_h5_a05_thr010_dedupmax,test,0.7295355830008268,0.6992388764536702,0.578959970281277,10.48030938583771,0.6453733415045246,0.775449108209414,cc,hybrid,gat,vision,convnext_tiny,add,max,5,0.5,0.1,,,256,0.0001,250,20,1337,precomp/gnn_gat_cc_thr010_h0_a00_vision_dedupmax_hidden.pt,1133132,0.4000000059604645,0.9990000128746033,0.7598636336977185,32477,10,31,2.7833032092532597,626.3,6602.5,cuda,2026-08-04T13:55:56,20.2
cc_hybrid_add_gat_vision_h5_a05_thr010_dedupmax,val,0.7280064492598992,0.6970790221763405,0.5765368067146698,10.379099024555574,0.6403853550996573,0.7736242916821662,cc,hybrid,gat,vision,convnext_tiny,add,max,5,0.5,0.1,,,256,0.0001,250,20,1337,precomp/gnn_gat_cc_thr010_h0_a00_vision_dedupmax_hidden.pt,1133132,0.4000000059604645,0.9990000128746033,0.7598636336977185,32477,10,31,2.7833032092532597,626.3,6602.5,cuda,2026-08-04T13:55:56,20.2
cc_hybrid_add_gcn_vision_h5_a05_thr010_dedupmax,test,0.7577525773680082,0.7307819232108549,0.626330512045847,9.486233346247843,0.6487352776843405,0.8051943711268155,cc,hybrid,gcn,vision,convnext_tiny,add,max,5,0.5,0.1,,,256,0.0001,250,20,1337,precomp/gnn_gcn_cc_thr010_h0_a00_vision_dedupmax_hidden.pt,1133132,0.4000000059604645,0.9990000128746033,0.7598636336977185,32477,8,29,2.2083273578334497,580.3,6602.5,cuda,2026-08-04T13:45:15,20.01
cc_hybrid_add_gcn_vision_h5_a05_thr010_dedupmax,val,0.7585260344816764,0.7315457093945756,0.6255659490097254,9.399550500169024,0.6471284180286415,0.8042957404897568,cc,hybrid,gcn,vision,convnext_tiny,add,max,5,0.5,0.1,,,256,0.0001,250,20,1337,precomp/gnn_gcn_cc_thr010_h0_a00_vision_dedupmax_hidden.pt,1133132,0.4000000059604645,0.9990000128746033,0.7598636336977185,32477,8,29,2.2083273578334497,580.3,6602.5,cuda,2026-08-04T13:45:15,20.01
mf_fixed_mlp_h0_a05_thr010_dedupmax,test,0.7974913555840055,0.7601592452389218,0.7256841643166424,5.307726226282117,0.7374965351974541,0.8224982404500578,mf,fixed,,mlp,,,max,0,0.5,0.1,"[1024, 512]",0.4,256,0.0001,250,20,1337,,940412,0.4000000059604645,0.9990000128746033,0.7522106467132915,25317,88,109,1.325920089598625,507.5,1049.4,cuda,2026-07-30T05:47:44,4.66
mf_fixed_mlp_h0_a05_thr010_dedupmax,val,0.7979508231146174,0.762687552645926,0.7318235869377381,5.324323323342278,0.7374924039386108,0.8190146675978713,mf,fixed,,mlp,,,max,0,0.5,0.1,"[1024, 512]",0.4,256,0.0001,250,20,1337,,940412,0.4000000059604645,0.9990000128746033,0.7522106467132915,25317,88,109,1.325920089598625,507.5,1049.4,cuda,2026-07-30T05:47:44,4.66
mf_fixed_mlp_h1_a05_thr010_dedupmax,test,0.795490259089997,0.7584052349931343,0.7235646529596481,5.3417341654543185,0.7140762888841732,0.8330285206901237,mf,fixed,,mlp,,,max,1,0.5,0.1,"[1024, 512]",0.4,256,0.0001,250,20,1337,,940412,0.4000000059604645,0.9990000128746033,0.7522106467132915,25317,97,118,1.293352234748102,557.6,4661.4,cuda,2026-07-30T05:57:12,4.73
mf_fixed_mlp_h1_a05_thr010_dedupmax,val,0.7978220504663769,0.7620377285455243,0.7310739802139871,5.316379524736153,0.7142295423435396,0.8344633979461717,mf,fixed,,mlp,,,max,1,0.5,0.1,"[1024, 512]",0.4,256,0.0001,250,20,1337,,940412,0.4000000059604645,0.9990000128746033,0.7522106467132915,25317,97,118,1.293352234748102,557.6,4661.4,cuda,2026-07-30T05:57:12,4.73
mf_fixed_mlp_h2_a05_thr010_dedupmax,test,0.782500633035876,0.7435172464552094,0.707459568668354,5.632724251937338,0.6672636923048514,0.8242616851045435,mf,fixed,,mlp,,,max,2,0.5,0.1,"[1024, 512]",0.4,256,0.0001,250,20,1337,,940412,0.4000000059604645,0.9990000128746033,0.7522106467132915,25317,130,151,1.474768288673893,699.4,5586.9,cuda,2026-07-30T06:09:02,4.63
mf_fixed_mlp_h2_a05_thr010_dedupmax,val,0.7830984457907094,0.7448568537683828,0.7118108894618045,5.668267402995672,0.6665713093276269,0.8239719378131888,mf,fixed,,mlp,,,max,2,0.5,0.1,"[1024, 512]",0.4,256,0.0001,250,20,1337,,940412,0.4000000059604645,0.9990000128746033,0.7522106467132915,25317,130,151,1.474768288673893,699.4,5586.9,cuda,2026-07-30T06:09:02,4.63
mf_fixed_mlp_h3_a05_thr010_dedupmax,test,0.7640296188672182,0.7201136559040147,0.6810973856855596,6.023054336164168,0.6429380002111448,0.8110089103799885,mf,fixed,,mlp,,,max,3,0.5,0.1,"[1024, 512]",0.4,256,0.0001,250,20,1337,,940412,0.4000000059604645,0.9990000128746033,0.7522106467132915,25317,146,167,1.7336069845384168,782.7,5586.9,cuda,2026-07-30T06:22:10,4.69
mf_fixed_mlp_h3_a05_thr010_dedupmax,val,0.7643007652465524,0.7223540863199129,0.6861327480153832,6.120941425612011,0.6417908780438214,0.8059834764217221,mf,fixed,,mlp,,,max,3,0.5,0.1,"[1024, 512]",0.4,256,0.0001,250,20,1337,,940412,0.4000000059604645,0.9990000128746033,0.7522106467132915,25317,146,167,1.7336069845384168,782.7,5586.9,cuda,2026-07-30T06:22:10,4.69
mf_fixed_mlp_h4_a05_thr010_dedupmax,test,0.7493458380345825,0.7045695030311552,0.6644496625495905,6.363554828878017,0.6241633066403247,0.7957270388481881,mf,fixed,,mlp,,,max,4,0.5,0.1,"[1024, 512]",0.4,256,0.0001,250,20,1337,,940412,0.4000000059604645,0.9990000128746033,0.7522106467132915,25317,248,250,1.9628907788184382,1128.2,5586.9,cuda,2026-07-30T06:41:15,4.51
mf_fixed_mlp_h4_a05_thr010_dedupmax,val,0.7502530706030871,0.7053975212962323,0.6670010806313355,6.440762433593219,0.6201819563713648,0.7894905889241232,mf,fixed,,mlp,,,max,4,0.5,0.1,"[1024, 512]",0.4,256,0.0001,250,20,1337,,940412,0.4000000059604645,0.9990000128746033,0.7522106467132915,25317,248,250,1.9628907788184382,1128.2,5586.9,cuda,2026-07-30T06:41:15,4.51
mf_fixed_mlp_h5_a05_thr010_dedupmax,test,0.7294591391948357,0.6790695894264922,0.6360265586090876,6.837823774065871,0.6059600766597069,0.7782199611303688,mf,fixed,,mlp,,,max,5,0.5,0.1,"[1024, 512]",0.4,256,0.0001,250,20,1337,,940412,0.4000000059604645,0.9990000128746033,0.7522106467132915,25317,240,250,2.2389595854666924,1120.2,5586.9,cuda,2026-07-30T07:00:05,4.48
mf_fixed_mlp_h5_a05_thr010_dedupmax,val,0.7293386248661095,0.6803171134864546,0.6381229961565783,6.890049663230952,0.6031238157573104,0.7760877596800402,mf,fixed,,mlp,,,max,5,0.5,0.1,"[1024, 512]",0.4,256,0.0001,250,20,1337,,940412,0.4000000059604645,0.9990000128746033,0.7522106467132915,25317,240,250,2.2389595854666924,1120.2,5586.9,cuda,2026-07-30T07:00:05,4.48
mf_fixed_mlp_h6_a05_thr010_dedupmax,test,0.7066323603898464,0.649669575301406,0.602426254846413,7.340672375009789,0.5742578626907031,0.7473403138835982,mf,fixed,,mlp,,,max,6,0.5,0.1,"[1024, 512]",0.4,256,0.0001,250,20,1337,,940412,0.4000000059604645,0.9990000128746033,0.7522106467132915,25317,243,250,2.6492880236717964,1167.9,5586.9,cuda,2026-07-30T07:19:45,4.67
mf_fixed_mlp_h6_a05_thr010_dedupmax,val,0.7089407566243019,0.6526686909195359,0.6074575059902618,7.388806716814087,0.5747421955816626,0.7482190745778825,mf,fixed,,mlp,,,max,6,0.5,0.1,"[1024, 512]",0.4,256,0.0001,250,20,1337,,940412,0.4000000059604645,0.9990000128746033,0.7522106467132915,25317,243,250,2.6492880236717964,1167.9,5586.9,cuda,2026-07-30T07:19:45,4.67
mf_fixed_mlp_h7_a05_thr010_dedupmax,test,0.6805774296719279,0.6129743612714122,0.5700743071254729,7.8012130589844615,0.5355495154393602,0.7049612043198792,mf,fixed,,mlp,,,max,7,0.5,0.1,"[1024, 512]",0.4,256,0.0001,250,20,1337,,940412,0.4000000059604645,0.9990000128746033,0.7522106467132915,25317,236,250,3.0919343040835474,1095.0,5586.9,cuda,2026-07-30T07:38:11,4.38
mf_fixed_mlp_h7_a05_thr010_dedupmax,val,0.6867876526602543,0.620602883923336,0.5792663396843812,7.773174527526509,0.5391201504972559,0.7087060608648074,mf,fixed,,mlp,,,max,7,0.5,0.1,"[1024, 512]",0.4,256,0.0001,250,20,1337,,940412,0.4000000059604645,0.9990000128746033,0.7522106467132915,25317,236,250,3.0919343040835474,1095.0,5586.9,cuda,2026-07-30T07:38:11,4.38
mf_fixed_mlp_h8_a05_thr010_dedupmax,test,0.6653526535566706,0.593487172917822,0.5578369774401973,7.916327569332862,0.5170787596555335,0.6830963371558247,mf,fixed,,mlp,,,max,8,0.5,0.1,"[1024, 512]",0.4,256,0.0001,250,20,1337,,940412,0.4000000059604645,0.9990000128746033,0.7522106467132915,25317,212,233,3.2811563476439445,1083.0,5586.9,cuda,2026-07-30T07:56:25,4.65
mf_fixed_mlp_h8_a05_thr010_dedupmax,val,0.6701509916007403,0.6015097932189954,0.5680630868858286,7.917516163980891,0.5214477358276233,0.6875744903140397,mf,fixed,,mlp,,,max,8,0.5,0.1,"[1024, 512]",0.4,256,0.0001,250,20,1337,,940412,0.4000000059604645,0.9990000128746033,0.7522106467132915,25317,212,233,3.2811563476439445,1083.0,5586.9,cuda,2026-07-30T07:56:25,4.65
mf_fixed_mlp_h9_a05_thr010_dedupmax,test,0.6609745122757059,0.5990193858947463,0.5593052174240074,8.084859471462025,0.5116252690490457,0.6789056837828289,mf,fixed,,mlp,,,max,9,0.5,0.1,"[1024, 512]",0.4,256,0.0001,250,20,1337,,940412,0.4000000059604645,0.9990000128746033,0.7522106467132915,25317,148,169,3.3773225891974663,776.2,5586.9,cuda,2026-07-30T08:09:32,4.59
mf_fixed_mlp_h9_a05_thr010_dedupmax,val,0.6661102303293136,0.6058570879844186,0.567591110210189,8.055973710965695,0.5170976697166743,0.685228914404133,mf,fixed,,mlp,,,max,9,0.5,0.1,"[1024, 512]",0.4,256,0.0001,250,20,1337,,940412,0.4000000059604645,0.9990000128746033,0.7522106467132915,25317,148,169,3.3773225891974663,776.2,5586.9,cuda,2026-07-30T08:09:32,4.59
mf_fixed_mlp_h10_a05_thr010_dedupmax,test,0.6610302908134802,0.5908583271256688,0.5458814011655023,8.032702313104018,0.512156204678172,0.6780394442894782,mf,fixed,,mlp,,,max,10,0.5,0.1,"[1024, 512]",0.4,256,0.0001,250,20,1337,,940412,0.4000000059604645,0.9990000128746033,0.7522106467132915,25317,239,250,3.3813546780617005,1093.7,5586.9,cuda,2026-07-30T08:27:56,4.37
mf_fixed_mlp_h10_a05_thr010_dedupmax,val,0.6669484505645487,0.5991004986694798,0.5557853992622424,8.015410526240789,0.5163142803140377,0.6836981405061396,mf,fixed,,mlp,,,max,10,0.5,0.1,"[1024, 512]",0.4,256,0.0001,250,20,1337,,940412,0.4000000059604645,0.9990000128746033,0.7522106467132915,25317,239,250,3.3813546780617005,1093.7,5586.9,cuda,2026-07-30T08:27:56,4.37
mf_fixed_vision_h0_a05_thr010_dedupmax,test,0.7651662755705237,0.7210500893738004,0.680375424482375,6.018238674232283,0.5900710483790368,0.7706614670218468,mf,fixed,,vision,convnext_tiny,,max,0,0.5,0.1,,,256,0.0001,250,20,1337,,940412,0.4000000059604645,0.9990000128746033,0.7522106467132915,25317,12,33,1.807542908576227,4376.4,1679.5,cuda,2026-07-31T10:03:57,132.62
mf_fixed_vision_h0_a05_thr010_dedupmax,val,0.764224761445553,0.7216146319768714,0.6825242162023818,6.1111673639625,0.5876360769971121,0.7699095709353543,mf,fixed,,vision,convnext_tiny,,max,0,0.5,0.1,,,256,0.0001,250,20,1337,,940412,0.4000000059604645,0.9990000128746033,0.7522106467132915,25317,12,33,1.807542908576227,4376.4,1679.5,cuda,2026-07-31T10:03:57,132.62
mf_fixed_vision_h1_a05_thr010_dedupmax,test,0.755271274376789,0.7087326641729442,0.6656008656287299,6.185307563307502,0.6111470986707732,0.7734283280020626,mf,fixed,,vision,convnext_tiny,,max,1,0.5,0.1,,,256,0.0001,250,20,1337,,940412,0.4000000059604645,0.9990000128746033,0.7522106467132915,25317,10,31,1.869038228065737,4242.6,4661.4,cuda,2026-07-31T11:14:46,136.86
mf_fixed_vision_h1_a05_thr010_dedupmax,val,0.7562092811226978,0.7104515058153477,0.6703669086719707,6.240715488935927,0.6112397667806128,0.7766617085411744,mf,fixed,,vision,convnext_tiny,,max,1,0.5,0.1,,,256,0.0001,250,20,1337,,940412,0.4000000059604645,0.9990000128746033,0.7522106467132915,25317,10,31,1.869038228065737,4242.6,4661.4,cuda,2026-07-31T11:14:46,136.86
mf_fixed_vision_h2_a05_thr010_dedupmax,test,0.7468592259966726,0.698758010471776,0.656325625686339,6.29320300419787,0.5791730777284285,0.7532081876265981,mf,fixed,,vision,convnext_tiny,,max,2,0.5,0.1,,,256,0.0001,250,20,1337,,940412,0.4000000059604645,0.9990000128746033,0.7522106467132915,25317,13,34,1.9652241622248003,4606.3,5586.9,cuda,2026-07-31T12:31:50,135.48
mf_fixed_vision_h2_a05_thr010_dedupmax,val,0.7501613646331236,0.7044959555391443,0.6638053215811035,6.330910141350544,0.5765856099958677,0.7541528164832599,mf,fixed,,vision,convnext_tiny,,max,2,0.5,0.1,,,256,0.0001,250,20,1337,,940412,0.4000000059604645,0.9990000128746033,0.7522106467132915,25317,13,34,1.9652241622248003,4606.3,5586.9,cuda,2026-07-31T12:31:50,135.48
mf_fixed_vision_h3_a05_thr010_dedupmax,test,0.7373143135161201,0.6878389707297264,0.645057094585014,6.465830370839117,0.573519050676129,0.7442860023954789,mf,fixed,,vision,convnext_tiny,,max,3,0.5,0.1,,,256,0.0001,250,20,1337,,940412,0.4000000059604645,0.9990000128746033,0.7522106467132915,25317,13,34,2.0280165672302246,4659.4,5586.9,cuda,2026-07-31T13:49:36,137.04
mf_fixed_vision_h3_a05_thr010_dedupmax,val,0.7430361972931048,0.6938521230476824,0.6537855177874436,6.38383534855893,0.5756701854855837,0.7482371451506039,mf,fixed,,vision,convnext_tiny,,max,3,0.5,0.1,,,256,0.0001,250,20,1337,,940412,0.4000000059604645,0.9990000128746033,0.7522106467132915,25317,13,34,2.0280165672302246,4659.4,5586.9,cuda,2026-07-31T13:49:36,137.04
mf_fixed_vision_h5_a05_thr010_dedupmax,test,0.7275245363166799,0.6765937020405363,0.6327404278964589,6.685898500531292,0.585752320933599,0.7403187182844497,mf,fixed,,vision,convnext_tiny,,max,5,0.5,0.1,,,256,0.0001,250,20,1337,,940412,0.4000000059604645,0.9990000128746033,0.7522106467132915,25317,14,35,2.1512773152320617,4727.1,5586.9,cuda,2026-07-31T15:08:42,135.06
mf_fixed_vision_h5_a05_thr010_dedupmax,val,0.7283298583570392,0.6767798111407469,0.6350044782173284,6.68935064020426,0.5853515254184822,0.7423532960828998,mf,fixed,,vision,convnext_tiny,,max,5,0.5,0.1,,,256,0.0001,250,20,1337,,940412,0.4000000059604645,0.9990000128746033,0.7522106467132915,25317,14,35,2.1512773152320617,4727.1,5586.9,cuda,2026-07-31T15:08:42,135.06
mf_fixed_vision_h7_a05_thr010_dedupmax,test,0.7237175024409804,0.6725329604248906,0.6284066649440209,6.770764828194448,0.576221858213798,0.7368491027739024,mf,fixed,,vision,convnext_tiny,,max,7,0.5,0.1,,,256,0.0001,250,20,1337,,940412,0.4000000059604645,0.9990000128746033,0.7522106467132915,25317,17,38,2.234344074803014,5161.2,5586.9,cuda,2026-07-31T16:34:59,135.82
mf_fixed_vision_h7_a05_thr010_dedupmax,val,0.7259249025772548,0.6753586862089219,0.6317453914436456,6.781289484649129,0.5739708642326621,0.737883616823747,mf,fixed,,vision,convnext_tiny,,max,7,0.5,0.1,,,256,0.0001,250,20,1337,,940412,0.4000000059604645,0.9990000128746033,0.7522106467132915,25317,17,38,2.234344074803014,5161.2,5586.9,cuda,2026-07-31T16:34:59,135.82
mf_fixed_vision_h10_a05_thr010_dedupmax,test,0.7161224379310408,0.6637794678890008,0.619118580174588,6.977954100973532,0.5768137370427782,0.7260970355679237,mf,fixed,,vision,convnext_tiny,,max,10,0.5,0.1,,,256,0.0001,250,20,1337,,940412,0.4000000059604645,0.9990000128746033,0.7522106467132915,25317,21,42,2.297122420803193,5719.0,5586.9,cuda,2026-07-31T18:10:29,136.17
mf_fixed_vision_h10_a05_thr010_dedupmax,val,0.7206259697149073,0.6701828828534883,0.6273545387859409,6.899290572219117,0.5761770024842977,0.7285410326579065,mf,fixed,,vision,convnext_tiny,,max,10,0.5,0.1,,,256,0.0001,250,20,1337,,940412,0.4000000059604645,0.9990000128746033,0.7522106467132915,25317,21,42,2.297122420803193,5719.0,5586.9,cuda,2026-07-31T18:10:29,136.17
mf_gnn_gat_mlp_thr010_dedupmax,test,0.7253435476742836,0.6763209638756806,0.6318559780848871,7.003974372788582,0.5964130450378504,0.7538029241992179,mf,gnn,gat,mlp,,,max,0,0.0,0.1,"[1024, 512]",0.4,256,0.0001,250,20,1337,,940412,0.4000000059604645,0.9990000128746033,0.7522106467132915,25317,238,250,2.2368092229289394,31874.1,17671.2,cuda,2026-08-03T04:01:12,127.5
mf_gnn_gat_mlp_thr010_dedupmax,val,0.7277621402275066,0.6803186528899484,0.6382742949188545,6.938890905906056,0.5974767194860708,0.7594618479902523,mf,gnn,gat,mlp,,,max,0,0.0,0.1,"[1024, 512]",0.4,256,0.0001,250,20,1337,,940412,0.4000000059604645,0.9990000128746033,0.7522106467132915,25317,238,250,2.2368092229289394,31874.1,17671.2,cuda,2026-08-03T04:01:12,127.5
mf_gnn_gcn_mlp_thr010_dedupmax,test,0.7609024665381909,0.7173835387764133,0.6776835372475926,6.0355616407277175,0.6750385527387912,0.8064239509103606,mf,gnn,gcn,mlp,,,max,0,0.0,0.1,"[1024, 512]",0.4,256,0.0001,250,20,1337,,940412,0.4000000059604645,0.9990000128746033,0.7522106467132915,25317,106,127,1.6868635262212446,6951.7,12041.3,cuda,2026-08-02T00:14:42,54.74
mf_gnn_gcn_mlp_thr010_dedupmax,val,0.7608742357522456,0.7171528543087438,0.6782553203532845,6.08827153424181,0.6738031367011996,0.8065482828762915,mf,gnn,gcn,mlp,,,max,0,0.0,0.1,"[1024, 512]",0.4,256,0.0001,250,20,1337,,940412,0.4000000059604645,0.9990000128746033,0.7522106467132915,25317,106,127,1.6868635262212446,6951.7,12041.3,cuda,2026-08-02T00:14:42,54.74
mf_gnn_gat_vision_thr010_dedupmax,test,0.7093559629582351,0.657625261427795,0.6093934380678384,7.291250690778537,0.5759536001192344,0.7259969019853703,mf,gnn,gat,vision,convnext_tiny,,max,0,0.0,0.1,,,256,0.0001,250,20,1337,,940412,0.4000000059604645,0.9990000128746033,0.7522106467132915,25317,161,182,2.6174791397586947,24229.7,18073.6,cuda,2026-08-04T13:13:02,133.13
mf_gnn_gat_vision_thr010_dedupmax,val,0.7091546996307336,0.6575223261869774,0.610270312014104,7.342364897418815,0.573566482748856,0.7248252042440546,mf,gnn,gat,vision,convnext_tiny,,max,0,0.0,0.1,,,256,0.0001,250,20,1337,,940412,0.4000000059604645,0.9990000128746033,0.7522106467132915,25317,161,182,2.6174791397586947,24229.7,18073.6,cuda,2026-08-04T13:13:02,133.13
mf_gnn_gcn_vision_thr010_dedupmax,test,0.7395611732557089,0.693785966371613,0.6507839667172713,6.576958437892693,0.6877593504262294,0.7692758767528308,mf,gnn,gcn,vision,convnext_tiny,,max,0,0.0,0.1,,,256,0.0001,250,20,1337,,940412,0.4000000059604645,0.9990000128746033,0.7522106467132915,25317,61,82,1.9475633675052273,4906.0,12443.7,cuda,2026-08-04T06:29:05,59.83
mf_gnn_gcn_vision_thr010_dedupmax,val,0.7416569776674541,0.6955770377817215,0.6546391697548649,6.5356846089847735,0.6893756952296353,0.7710528631335571,mf,gnn,gcn,vision,convnext_tiny,,max,0,0.0,0.1,,,256,0.0001,250,20,1337,,940412,0.4000000059604645,0.9990000128746033,0.7522106467132915,25317,61,82,1.9475633675052273,4906.0,12443.7,cuda,2026-08-04T06:29:05,59.83
mf_hybrid_add_gat_mlp_h0_a05_thr010_dedupmax,test,0.7779950334698935,0.7363031888412727,0.6968449670849344,5.74857969050748,0.6528447410292787,0.8154323983079228,mf,hybrid,gat,mlp,,add,max,0,0.5,0.1,"[1024, 512]",0.4,256,0.0001,250,20,1337,precomp/gnn_gat_mf_thr010_h0_a00_mlp_dedupmax_hidden.pt,940412,0.4000000059604645,0.9990000128746033,0.7522106467132915,25317,229,250,1.57820503557882,866.8,3125.6,cuda,2026-08-03T05:51:36,3.47
mf_hybrid_add_gat_mlp_h0_a05_thr010_dedupmax,val,0.7801120667900567,0.7404145653494049,0.7057336634265782,5.676015810648561,0.6531677847918447,0.8172927566758821,mf,hybrid,gat,mlp,,add,max,0,0.5,0.1,"[1024, 512]",0.4,256,0.0001,250,20,1337,precomp/gnn_gat_mf_thr010_h0_a00_mlp_dedupmax_hidden.pt,940412,0.4000000059604645,0.9990000128746033,0.7522106467132915,25317,229,250,1.57820503557882,866.8,3125.6,cuda,2026-08-03T05:51:36,3.47
mf_hybrid_add_gcn_mlp_h0_a05_thr010_dedupmax,test,0.802184575696948,0.7654174609810055,0.7294438702471218,5.222455358077736,0.8187930913632403,0.8204849661847531,mf,hybrid,gcn,mlp,,add,max,0,0.5,0.1,"[1024, 512]",0.4,256,0.0001,250,20,1337,precomp/gnn_gcn_mf_thr010_h0_a00_mlp_dedupmax_hidden.pt,940412,0.4000000059604645,0.9990000128746033,0.7522106467132915,25317,45,66,1.3089654061102098,267.8,3125.6,cuda,2026-08-03T05:28:33,4.06
mf_hybrid_add_gcn_mlp_h0_a05_thr010_dedupmax,val,0.8064296695798292,0.7709559795712042,0.7381190856131283,5.1770787348701734,0.8227674115448089,0.8254340315866836,mf,hybrid,gcn,mlp,,add,max,0,0.5,0.1,"[1024, 512]",0.4,256,0.0001,250,20,1337,precomp/gnn_gcn_mf_thr010_h0_a00_mlp_dedupmax_hidden.pt,940412,0.4000000059604645,0.9990000128746033,0.7522106467132915,25317,45,66,1.3089654061102098,267.8,3125.6,cuda,2026-08-03T05:28:33,4.06
mf_hybrid_concat_gat_mlp_h0_a05_thr010_dedupmax,test,0.7907291256910486,0.7535992976212252,0.7157338827988786,5.468413946219383,0.6858794805518602,0.818235214914252,mf,hybrid,gat,mlp,,concat,max,0,0.5,0.1,"[1024, 512]",0.4,256,0.0001,250,20,1337,precomp/gnn_gat_mf_thr010_h0_a00_mlp_dedupmax_hidden.pt,940412,0.4000000059604645,0.9990000128746033,0.7522106467132915,25317,114,135,1.4192296420374224,491.2,2511.2,cuda,2026-08-03T05:36:57,3.64
mf_hybrid_concat_gat_mlp_h0_a05_thr010_dedupmax,val,0.7922978220946725,0.7544995788864058,0.72086256817388,5.424271783192905,0.685750631533365,0.8194597127362814,mf,hybrid,gat,mlp,,concat,max,0,0.5,0.1,"[1024, 512]",0.4,256,0.0001,250,20,1337,precomp/gnn_gat_mf_thr010_h0_a00_mlp_dedupmax_hidden.pt,940412,0.4000000059604645,0.9990000128746033,0.7522106467132915,25317,114,135,1.4192296420374224,491.2,2511.2,cuda,2026-08-03T05:36:57,3.64
mf_hybrid_concat_gcn_mlp_h0_a05_thr010_dedupmax,test,0.803030893184302,0.7668167268551066,0.7308976340968335,5.21140609583693,0.8372256048518746,0.8253078324961984,mf,hybrid,gcn,mlp,,concat,max,0,0.5,0.1,"[1024, 512]",0.4,256,0.0001,250,20,1337,precomp/gnn_gcn_mf_thr010_h0_a00_mlp_dedupmax_hidden.pt,940412,0.4000000059604645,0.9990000128746033,0.7522106467132915,25317,37,58,1.3034819826003043,253.1,2511.2,cuda,2026-08-03T05:23:52,4.36
mf_hybrid_concat_gcn_mlp_h0_a05_thr010_dedupmax,val,0.8052439945605223,0.7696882843839852,0.7368410693318784,5.202902233708942,0.8418608787388729,0.8249700107132233,mf,hybrid,gcn,mlp,,concat,max,0,0.5,0.1,"[1024, 512]",0.4,256,0.0001,250,20,1337,precomp/gnn_gcn_mf_thr010_h0_a00_mlp_dedupmax_hidden.pt,940412,0.4000000059604645,0.9990000128746033,0.7522106467132915,25317,37,58,1.3034819826003043,253.1,2511.2,cuda,2026-08-03T05:23:52,4.36
mf_hybrid_add_gat_vision_h0_a05_thr010_dedupmax,test,0.6992119333857523,0.641361499087075,0.5915771712555515,7.365234852376678,0.5722675939918661,0.7022510465634497,mf,hybrid,gat,vision,convnext_tiny,add,max,0,0.5,0.1,,,256,0.0001,250,20,1337,precomp/gnn_gat_mf_thr010_h0_a00_vision_dedupmax_hidden.pt,940412,0.4000000059604645,0.9990000128746033,0.7522106467132915,25317,12,33,2.864047988768547,575.3,3125.6,cuda,2026-08-04T14:16:01,17.43
mf_hybrid_add_gat_vision_h0_a05_thr010_dedupmax,val,0.7008886667434071,0.6433596324619085,0.5943637391577267,7.37270252402958,0.5689034780269442,0.6988203259678506,mf,hybrid,gat,vision,convnext_tiny,add,max,0,0.5,0.1,,,256,0.0001,250,20,1337,precomp/gnn_gat_mf_thr010_h0_a00_vision_dedupmax_hidden.pt,940412,0.4000000059604645,0.9990000128746033,0.7522106467132915,25317,12,33,2.864047988768547,575.3,3125.6,cuda,2026-08-04T14:16:01,17.43
mf_hybrid_add_gcn_vision_h0_a05_thr010_dedupmax,test,0.7587076405732675,0.7138539606320875,0.6731787534601048,6.104378066623203,0.5830710538464431,0.7658233125762677,mf,hybrid,gcn,vision,convnext_tiny,add,max,0,0.5,0.1,,,256,0.0001,250,20,1337,precomp/gnn_gcn_mf_thr010_h0_a00_vision_dedupmax_hidden.pt,940412,0.4000000059604645,0.9990000128746033,0.7522106467132915,25317,12,33,1.7972033600653372,589.1,3125.6,cuda,2026-08-04T14:06:12,17.85
mf_hybrid_add_gcn_vision_h0_a05_thr010_dedupmax,val,0.760123907322184,0.7160591692448333,0.6765568091459406,6.121677225021493,0.5795987356483565,0.7674663138951758,mf,hybrid,gcn,vision,convnext_tiny,add,max,0,0.5,0.1,,,256,0.0001,250,20,1337,precomp/gnn_gcn_mf_thr010_h0_a00_vision_dedupmax_hidden.pt,940412,0.4000000059604645,0.9990000128746033,0.7522106467132915,25317,12,33,1.7972033600653372,589.1,3125.6,cuda,2026-08-04T14:06:12,17.85
